"","Player","Tm","Pos","G","GS","MP","FG","FGA","FG%","eFG%","FT","FTA","FT%","ORB","DRB","TRB","AST","STL","BLK","TOV","PF","PS/G","PER","TS%","FTr","ORB%","DRB%","TRB%","AST%","STL%","BLK%","TOV%","USG%","OWS","DWS","WS","WS/48","OBPM","DBPM","BPM","VORP","fix"
"1","Alex Abrines\abrinal01","OKC","SG",75,8,15.1,1.5,3.9,0.395,0.54,0.5,0.6,0.848,0.3,1.2,1.5,0.4,0.5,0.1,0.3,1.7,4.7,9,0.567,0.158,2.5,8.9,5.6,3.4,1.7,0.6,7.4,12.7,1.3,1,2.2,0.094,-0.5,-1.7,-2.2,-0.1,"alexabrines"
"2","Quincy Acy\acyqu01","BRK","PF",70,8,19.4,1.9,5.2,0.356,0.496,0.7,0.9,0.817,0.6,3.1,3.7,0.8,0.5,0.4,0.9,2.1,5.9,8.2,0.525,0.164,3.1,17,10,6,1.2,1.6,13.3,14.4,-0.1,1.1,1,0.036,-2,-0.2,-2.2,-0.1,"quincyacy"
"3","Steven Adams\adamsst01","OKC","C",76,76,32.7,5.9,9.4,0.629,0.629,2.1,3.8,0.557,5.1,4,9,1.2,1.2,1,1.7,2.8,13.9,20.6,0.63,0.403,16.6,13.9,15.3,5.5,1.8,2.8,13.2,16.7,6.7,3,9.7,0.187,2.2,1.1,3.3,3.3,"stevenadams"
"4","Bam Adebayo\adebaba01","MIA","C",69,19,19.8,2.5,4.9,0.512,0.512,1.9,2.6,0.721,1.7,3.8,5.5,1.5,0.5,0.6,1,2,6.9,15.7,0.57,0.526,9.7,21.6,15.6,11,1.2,2.5,13.6,15.9,2.3,1.9,4.2,0.148,-1.6,1.8,0.2,0.8,"bamadebayo"
"5","Arron Afflalo\afflaar01","ORL","SG",53,3,12.9,1.2,3.1,0.401,0.485,0.4,0.5,0.846,0.1,1.2,1.2,0.6,0.1,0.2,0.4,1.1,3.4,5.8,0.516,0.16,0.6,10.1,5.3,6.2,0.3,1.1,10.8,12.5,-0.1,0.2,0.1,0.009,-4.1,-1.8,-5.8,-0.7,"arronafflalo"
"6","LaMarcus Aldridge\aldrila01","SAS","C",75,75,33.5,9.2,18,0.51,0.52,4.5,5.3,0.837,3.3,5.2,8.5,2,0.6,1.2,1.5,2.2,23.1,25,0.57,0.296,10.8,17.3,14,11.3,0.9,3,6.8,29.1,7.4,3.5,10.9,0.209,3,0.3,3.3,3.3,"lamarcusaldridge"
"7","Jarrett Allen\allenja01","BRK","C",72,31,20,3.3,5.5,0.589,0.596,1.6,2,0.776,2,3.4,5.4,0.7,0.4,1.2,1.1,2,8.2,17.5,0.636,0.37,10.5,18.2,14.3,5.4,0.9,4.6,15.1,16.3,2.7,1.5,4.2,0.141,-1.3,1.4,0.2,0.8,"jarrettallen"
"8","Al-Farouq Aminu\aminual01","POR","PF",69,67,30,3.3,8.4,0.395,0.503,0.9,1.2,0.738,1.4,6.2,7.6,1.2,1.1,0.6,1.1,2,9.3,12,0.522,0.137,5.2,22.3,13.8,5.8,1.9,1.6,11.3,14.8,0.9,3.2,4.2,0.097,-0.8,1.9,1.1,1.6,"alfarouqaminu"
"9","Justin Anderson\anderju01","PHI","SF",38,0,13.7,2.3,5.3,0.431,0.515,0.7,1,0.737,0.7,1.8,2.4,0.7,0.4,0.2,0.4,1.4,6.2,13,0.54,0.188,5.4,13.6,9.6,7.1,1.4,1.1,6.8,19.3,0.6,0.7,1.2,0.115,-0.5,-1.5,-2,0,"justinanderson"
"10","Kyle Anderson\anderky01","SAS","SF",74,67,26.7,3.1,5.9,0.527,0.549,1.4,2,0.712,1.1,4.2,5.4,2.7,1.6,0.8,1.3,1.5,7.9,15.9,0.582,0.333,4.7,17.6,11.1,14.7,2.9,2.5,15.8,13.5,2.4,3.8,6.2,0.151,-0.3,4.3,4.1,3,"kyleanderson"
"11","Ryan Anderson\anderry01","HOU","PF",66,50,26.1,3.1,7.3,0.431,0.568,1.1,1.4,0.774,1.4,3.6,5,0.9,0.4,0.3,0.6,1.9,9.3,12.6,0.592,0.194,6.2,15.4,10.8,5.1,0.7,1,7.5,14.4,3.1,1.7,4.8,0.132,1,-0.8,0.2,1,"ryananderson"
"12","Giannis Antetokounmpo\antetgi01","MIL","PF",75,75,36.7,9.9,18.7,0.529,0.545,6.5,8.5,0.76,2.1,8,10,4.8,1.5,1.4,3,3.1,26.9,27.3,0.598,0.457,6.7,25.3,16,23.7,2,3.3,11.7,31.2,8.3,3.6,11.9,0.207,3.9,1.9,5.8,5.4,"giannisantetokounmpo"
"13","Carmelo Anthony\anthoca01","OKC","PF",78,78,32.1,6.1,15,0.404,0.476,1.9,2.5,0.767,0.9,4.9,5.8,1.3,0.6,0.6,1.3,2.5,16.2,12.7,0.503,0.165,2.9,17.7,10,6.5,0.9,1.8,7.3,23.2,1.2,2.5,3.7,0.071,-1.9,-1.9,-3.8,-1.1,"carmeloanthony"
"14","OG Anunoby\anunoog01","TOR","SF",74,62,20,2.2,4.7,0.471,0.577,0.5,0.8,0.629,0.6,1.9,2.5,0.7,0.7,0.2,0.6,1.8,5.9,10,0.587,0.179,3.4,10.4,7,5,1.7,0.8,10.8,12.4,1.4,1.6,3,0.098,0.2,0.4,0.6,1,"oganunoby"
"15","Trevor Ariza\arizatr01","HOU","SF",67,67,33.9,4,9.7,0.412,0.542,1.1,1.3,0.854,0.5,3.9,4.4,1.6,1.5,0.2,0.8,2,11.7,11.8,0.567,0.137,1.7,12.9,7.3,6.8,2.1,0.5,7,14.4,2.6,2.8,5.3,0.113,0.8,0.7,1.5,2,"trevorariza"
"16","D.J. Augustin\augusdj01","ORL","PG",75,36,23.5,3.3,7.2,0.452,0.557,2.2,2.5,0.868,0.4,1.7,2.1,3.8,0.7,0,1.6,1.3,10.2,15.4,0.615,0.35,1.9,8.2,5,24.4,1.5,0,16.5,18.6,3.3,0.8,4.1,0.11,1.5,-2.5,-0.9,0.5,"d"
"17","Luke Babbitt\babbilu01","TOT","SF",50,14,14.3,1.8,4.3,0.423,0.563,0.3,0.4,0.773,0.1,1.8,1.9,0.6,0.2,0.1,0.4,1.1,5.2,9.8,0.576,0.102,1.1,13.9,7.5,6.5,0.5,0.8,7.8,15,0.5,0.4,0.9,0.06,-1,-2.2,-3.2,-0.2,"lukebabbitt"
"18","Dwayne Bacon\bacondw01","CHO","SG",53,6,13.5,1.4,3.6,0.375,0.404,0.4,0.5,0.8,0.1,2.3,2.3,0.7,0.3,0,0.4,0.9,3.3,5.8,0.431,0.13,0.6,18.5,9.4,7.5,1.1,0.2,10.2,13.7,-0.7,0.6,-0.1,-0.007,-5.4,-0.3,-5.7,-0.7,"dwaynebacon"
"19","Ron Baker\bakerro01","NYK","SG",29,1,13.3,0.7,2,0.339,0.432,0.7,0.9,0.769,0.2,0.9,1,1.6,0.9,0.2,0.6,1.1,2.4,9.3,0.504,0.441,1.4,7.2,4.3,15.5,3.3,1.3,20.4,10,0.1,0.4,0.5,0.059,-1.9,0.9,-1,0.1,"ronbaker"
"20","Lonzo Ball\balllo01","LAL","PG",52,50,34.2,3.9,10.8,0.36,0.44,0.6,1.4,0.451,1.3,5.6,6.9,7.2,1.7,0.8,2.6,2.3,10.2,12.5,0.444,0.126,4.2,17.3,10.8,29.2,2.4,2,18.6,17.4,-0.5,2.5,2,0.053,-0.8,2.5,1.7,1.7,"lonzoball"
"21","J.J. Barea\bareajo01","DAL","PG",69,10,23.2,4.4,10,0.439,0.522,1.2,1.5,0.784,0.2,2.7,2.9,6.3,0.5,0,2.1,1.2,11.6,17.8,0.545,0.148,1,13.4,7,45.1,1.1,0.2,16.3,24.9,2.3,1,3.3,0.098,2.4,-2.3,0.1,0.8,"j"
"22","Harrison Barnes\barneha02","DAL","PF",77,77,34.2,7,15.7,0.445,0.494,3.4,4.1,0.827,1,5.1,6.1,2,0.6,0.2,1.5,1.2,18.9,15.8,0.539,0.259,3.1,17.1,9.9,9.9,0.9,0.5,8.1,25.2,2,1.9,3.8,0.07,-0.7,-1.4,-2.1,-0.1,"harrisonbarnes"
"23","Will Barton\bartowi01","DEN","SG",81,40,33.1,5.7,12.7,0.452,0.528,2.2,2.8,0.805,0.9,4.2,5,4.1,1,0.6,1.8,2.1,15.7,16.2,0.562,0.22,3,14.2,8.6,18.5,1.5,1.6,11.7,20.7,4.4,1.8,6.2,0.111,1.6,-0.6,1,2,"willbarton"
"24","Nicolas Batum\batumni01","CHO","SG",64,64,31,4.2,10.2,0.415,0.486,1.7,2,0.831,0.9,3.9,4.8,5.5,1,0.4,2,1.1,11.6,14.4,0.523,0.2,3.1,13.8,8.4,26.2,1.6,1,15.6,18.3,1.7,1.8,3.5,0.084,0.9,0.5,1.4,1.7,"nicolasbatum"
"25","Jerryd Bayless\bayleje01","PHI","SG",39,11,23.7,2.8,6.7,0.416,0.519,0.9,1.1,0.795,0.4,1.7,2.1,1.4,0.6,0.2,1.2,2.3,7.9,7.5,0.546,0.168,1.8,7.3,4.7,8,1.2,0.5,14.1,15.1,0.2,0.9,1.1,0.055,-1.8,-1,-2.7,-0.2,"jerrydbayless"
"26","Aron Baynes\baynear01","BOS","C",81,67,18.3,2.6,5.5,0.471,0.474,0.7,1,0.756,1.6,3.8,5.4,1.1,0.3,0.6,1,2.5,6,12.1,0.502,0.175,9.7,22.1,16,9.6,0.7,2.9,14.3,16.8,0.5,2.5,3,0.097,-3.8,2.1,-1.7,0.1,"aronbaynes"
"27","Kent Bazemore\bazemke01","ATL","SG",65,65,27.5,4.4,10.4,0.42,0.5,2.5,3.1,0.796,0.4,3.4,3.8,3.5,1.5,0.7,2.4,2.3,12.9,14.5,0.547,0.297,1.6,13.9,7.7,20.1,2.7,2.2,17,22.5,0.2,2,2.2,0.059,-0.6,1.1,0.4,1.1,"kentbazemore"
"28","Bradley Beal\bealbr01","WAS","SG",82,82,36.3,8.3,18.1,0.46,0.527,3.6,4.5,0.793,0.7,3.7,4.4,4.5,1.2,0.4,2.6,2,22.6,18.4,0.564,0.248,2.3,11.5,6.9,21,1.6,1.1,11.5,27.6,4.4,2.5,6.9,0.112,2.7,-1,1.7,2.7,"bradleybeal"
"29","Malik Beasley\beaslma01","DEN","SG",62,0,9.4,1.2,2.9,0.41,0.489,0.4,0.5,0.667,0.2,0.9,1.1,0.5,0.2,0.1,0.4,0.6,3.2,9,0.509,0.185,2.7,11,6.9,7.4,1.3,1,11.1,16.2,0.1,0.3,0.3,0.028,-2.8,-2.4,-5.1,-0.5,"malikbeasley"
"30","Michael Beasley\beaslmi01","NYK","PF",74,30,22.3,5.5,10.9,0.507,0.528,1.7,2.1,0.78,1.3,4.3,5.6,1.7,0.5,0.6,1.9,2,13.2,17.8,0.556,0.197,6.5,21.2,13.9,12.5,1.1,2.3,14,26.9,0.9,1.5,2.4,0.069,-1,-0.4,-1.5,0.2,"michaelbeasley"
"31","Marco Belinelli\belinma01","TOT","SG",80,2,24.3,4.2,9.5,0.442,0.539,1.9,2,0.908,0.2,1.6,1.9,1.9,0.8,0.2,1.2,1.1,12.1,14.1,0.582,0.214,1.1,7.3,4.2,11.9,1.6,0.5,10.1,20.7,2.4,1.3,3.7,0.092,0.8,-2.1,-1.3,0.3,"marcobelinelli"
"32","Jordan Bell\belljo01","GSW","C",57,13,14.2,2,3.2,0.627,0.627,0.5,0.8,0.682,1.1,2.6,3.6,1.8,0.6,1,0.9,1.6,4.6,18,0.641,0.238,8.9,19,14.3,16.9,2.1,5.5,20,13.9,1.6,1.4,2.9,0.174,0,3.7,3.7,1.2,"jordanbell"
"33","DeAndre' Bembry\bembrde01","ATL","SF",26,3,17.5,2,4.9,0.414,0.457,0.7,1.3,0.576,0.3,2.5,2.8,1.9,0.8,0.5,1.8,1.5,5.2,7.6,0.477,0.258,2,15.7,8.8,15.9,2.3,2.3,24.8,18.2,-0.9,0.5,-0.4,-0.04,-5.9,1.5,-4.4,-0.3,"deandrebembry"
"34","Dragan Bender\bendedr01","PHO","PF",82,37,25.2,2.3,5.9,0.386,0.508,0.5,0.6,0.765,0.5,3.9,4.4,1.6,0.3,0.6,1.4,2,6.5,7.1,0.524,0.105,2,16.8,9.3,8.9,0.5,2.1,18.1,12.7,-0.7,0.8,0.1,0.001,-2.7,0,-2.7,-0.4,"draganbender"
"35","Davis Bertans\bertada01","SAS","PF",77,10,14.1,2.1,4.8,0.44,0.568,0.5,0.6,0.816,0.2,1.8,2,1,0.3,0.4,0.5,1.2,5.9,14.1,0.588,0.134,1.8,13.9,7.8,10.3,1.2,2.1,8.5,17.4,1.6,1.4,3.1,0.135,1.2,-0.3,1,0.8,"davisbertans"
"36","Khem Birch\birchkh01","ORL","C",42,0,13.8,1.6,3,0.54,0.54,1,1.5,0.689,1.7,2.6,4.3,0.8,0.4,0.5,0.5,1.3,4.2,16.4,0.582,0.484,13.2,21.1,17.1,8.5,1.3,2.9,12.1,13.2,1.2,0.6,1.8,0.15,-1.1,1.4,0.3,0.3,"khembirch"
"37","Bismack Biyombo\biyombi01","ORL","C",82,25,18.2,2.2,4.3,0.52,0.52,1.2,1.9,0.65,1.8,4,5.7,0.8,0.3,1.2,1,1.9,5.7,14.1,0.556,0.446,10.5,24,17.2,6.5,0.7,5.1,16.6,14.9,1.1,1.8,2.9,0.094,-3.7,2.1,-1.6,0.2,"bismackbiyombo"
"38","Nemanja Bjelica\bjeline01","MIN","PF",67,21,20.5,2.6,5.5,0.461,0.563,0.5,0.7,0.8,0.8,3.3,4.1,1.3,0.7,0.2,0.8,2.1,6.8,12.6,0.581,0.121,4.4,18.8,11.5,8.7,1.8,1,11.7,14.3,1.7,1.1,2.8,0.097,0.6,-0.1,0.5,0.9,"nemanjabjelica"
"39","Tarik Black\blackta01","HOU","C",51,2,10.5,1.5,2.5,0.591,0.594,0.6,1.2,0.46,1.2,2,3.2,0.3,0.4,0.6,0.7,2.1,3.5,14.3,0.582,0.496,13.4,20.9,17.1,3.7,1.9,4.8,18.4,15.6,0.5,1,1.5,0.136,-3,2.1,-1,0.1,"tarikblack"
"40","Eric Bledsoe\bledser01","TOT","PG",74,74,31.4,6.3,13.4,0.473,0.536,3.4,4.3,0.792,0.7,3.1,3.8,5,2,0.6,2.9,2.5,17.7,19.7,0.582,0.322,2.6,11.7,7.1,25.7,3.2,1.5,16.1,26.1,3.1,2.5,5.6,0.116,2.4,-0.3,2.1,2.4,"ericbledsoe"
"41","Bogdan Bogdanovic\bogdabo01","SAC","SG",78,53,27.9,4.4,9.9,0.446,0.529,1.3,1.5,0.84,0.4,2.5,2.9,3.3,0.9,0.2,1.6,2.2,11.8,13.5,0.556,0.154,1.6,10.5,5.8,18.3,1.7,0.7,13.2,19.6,1.8,1.1,2.9,0.064,0.5,-1.5,-1,0.6,"bogdanbogdanovic"
"42","Bojan Bogdanovic\bogdabo02","IND","SF",80,80,30.8,5.1,10.7,0.474,0.565,2.2,2.6,0.868,0.4,3,3.4,1.5,0.7,0.1,1.3,1.6,14.3,13.9,0.605,0.241,1.4,10.9,6.2,7.1,1.1,0.3,10.1,19,3.8,1.6,5.4,0.105,1.1,-1.9,-0.7,0.8,"bojanbogdanovic"
"43","Devin Booker\bookede01","PHO","SG",54,54,34.5,8.4,19.5,0.432,0.501,5.4,6.1,0.878,0.5,4,4.5,4.7,0.9,0.3,3.6,3.1,24.9,18.1,0.561,0.312,1.5,12.7,7,24.4,1.2,0.6,13.9,31.7,1.9,0.6,2.4,0.063,2.9,-2.4,0.4,1.2,"devinbooker"
"44","Trevor Booker\booketr01","TOT","PF",68,7,17,2.6,5,0.516,0.528,1,1.4,0.71,1.7,3,4.7,1.2,0.4,0.3,0.9,1.8,6.3,14.9,0.557,0.271,11.1,18.6,14.9,10.8,1.2,1.5,13.3,16.6,1.6,1.3,2.9,0.121,-1,0.5,-0.5,0.4,"trevorbooker"
"45","Avery Bradley\bradlav01","TOT","SG",46,46,31.2,5.6,13.6,0.414,0.474,1.4,1.8,0.768,0.5,2,2.5,2,1.1,0.2,2.2,2,14.3,9.6,0.496,0.131,1.7,7.3,4.5,10.4,1.8,0.5,13.3,23.5,-1.4,1.2,-0.2,-0.007,-2.8,-1.4,-4.2,-0.8,"averybradley"
"46","Corey Brewer\breweco01","TOT","SF-SG",72,18,16.8,2,4.4,0.449,0.498,0.9,1.3,0.722,0.6,1.5,2.1,0.9,1.1,0.2,0.7,1.9,5.3,11.2,0.534,0.285,3.8,10,6.9,7.5,3.2,1,12.1,14.3,0.7,1.6,2.3,0.091,-1.6,1,-0.6,0.4,"coreybrewer"
"47","Malcolm Brogdon\brogdma01","MIL","PG",48,20,29.9,5.1,10.5,0.485,0.547,1.6,1.8,0.882,0.5,2.8,3.3,3.2,0.9,0.3,1.4,2.7,13,14.3,0.578,0.169,1.9,10.8,6.4,16.3,1.4,0.8,10.9,19.1,2,0.7,2.7,0.091,0.6,-1.9,-1.3,0.2,"malcolmbrogdon"
"48","Aaron Brooks\brookaa01","MIN","PG",32,1,5.9,0.9,2.2,0.406,0.486,0.3,0.3,0.727,0.2,0.3,0.5,0.6,0.2,0,0.3,0.9,2.3,9.8,0.508,0.159,4.2,6.2,5.2,15.1,1.6,0,13,19.9,0.1,0.1,0.1,0.033,-0.8,-3.6,-4.3,-0.1,"aaronbrooks"
"49","Dillon Brooks\brookdi01","MEM","SF",82,74,28.7,4.1,9.4,0.44,0.501,1.5,2,0.747,0.6,2.5,3.1,1.6,0.9,0.2,1.5,2.8,11,9.8,0.531,0.215,2.4,10.5,6.3,9.3,1.6,0.7,12.8,18.5,0.1,1.1,1.2,0.024,-1.8,-1.3,-3.1,-0.7,"dillonbrooks"
"50","Jaylen Brown\brownja02","BOS","SG",70,70,30.7,5.3,11.5,0.465,0.54,2.1,3.3,0.644,0.9,4,4.9,1.6,1,0.4,1.8,2.6,14.5,13.6,0.562,0.29,3.4,14,8.8,8.5,1.6,1,12,21.4,1.2,3.2,4.5,0.1,-0.6,0.4,-0.2,1,"jaylenbrown"
"51","Sterling Brown\brownst02","MIL","SG",54,4,14.4,1.5,3.8,0.4,0.478,0.4,0.4,0.875,0.5,2.1,2.6,0.5,0.6,0.2,0.5,1.5,4,9.1,0.503,0.117,4.1,17.5,10.8,4.5,2,1.4,10.4,14,0,0.7,0.7,0.043,-3.1,-1,-4,-0.4,"sterlingbrown"
"52","Reggie Bullock\bullore01","DET","SF",62,52,27.9,4.3,8.8,0.489,0.603,0.6,0.8,0.796,0.4,2,2.5,1.5,0.8,0.2,0.8,1.1,11.3,13.6,0.615,0.09,1.7,8.3,4.9,8.4,1.4,0.7,7.6,15.7,2.8,1.4,4.2,0.117,1.3,-0.7,0.7,1.2,"reggiebullock"
"53","Trey Burke\burketr01","NYK","PG",36,9,21.8,5.4,10.7,0.503,0.552,1,1.6,0.649,0.4,1.6,2,4.7,0.7,0.1,1.2,1.2,12.8,21,0.563,0.148,1.8,8.2,5,36.4,1.5,0.4,9.5,25.1,2,0.3,2.4,0.145,4.2,-3.2,1,0.6,"treyburke"
"54","Alec Burks\burksal01","UTA","SG",64,1,16.5,2.7,6.5,0.411,0.467,1.7,1.9,0.863,0.3,2.7,3,1,0.6,0.1,0.9,1.2,7.7,13.1,0.527,0.3,2.1,18.4,10.3,10,1.8,0.6,11.4,22.5,0.2,1.6,1.9,0.084,-2.5,-0.3,-2.8,-0.2,"alecburks"
"55","Jimmy Butler\butleji01","MIN","SG",59,59,36.7,7.4,15.6,0.474,0.512,6.2,7.2,0.854,1.3,4,5.3,4.9,2,0.4,1.8,1.3,22.2,23.7,0.59,0.461,4.2,12.7,8.4,20.6,2.7,1,8.9,24.9,7.1,1.8,8.9,0.198,4.9,0.1,5,3.8,"jimmybutler"
"56","Dwight Buycks\buyckdw01","DET","PG",29,0,14.7,2.8,6.8,0.414,0.452,1.2,1.4,0.878,0.4,1,1.4,2,0.7,0.1,1.3,1.3,7.4,12.8,0.498,0.207,3,7.7,5.3,22.4,2.2,0.4,15.3,26.4,-0.2,0.4,0.2,0.027,-2.5,-1.8,-4.3,-0.2,"dwightbuycks"
"57","Jose Calderon\caldejo01","CLE","PG",57,32,16,1.6,3.2,0.503,0.624,0.4,0.5,0.8,0.2,1.2,1.5,2.1,0.5,0,0.7,1.4,4.5,11.3,0.643,0.162,1.7,8.5,5.2,17.4,1.4,0.2,17.1,11.6,1.5,0.3,1.8,0.095,0.1,-2,-1.9,0,"josecalderon"
"58","Kentavious Caldwell-Pope\caldwke01","LAL","SG",74,74,33.2,4.6,10.8,0.426,0.526,2.1,2.6,0.789,0.8,4.4,5.2,2.2,1.4,0.2,1.3,2,13.4,13.2,0.561,0.243,2.6,14.1,8.4,9.4,2.1,0.5,9.9,16.9,2.6,2.7,5.3,0.103,0.6,0.4,1,1.9,"kentaviouscaldwellpope"
"59","Clint Capela\capelca01","HOU","C",74,74,27.5,6,9.1,0.652,0.652,1.9,3.5,0.56,3.3,7.6,10.8,0.9,0.8,1.9,1.4,2.5,13.9,24.5,0.65,0.38,13.5,30.8,22.2,5.7,1.4,5.7,11.5,19.4,6.2,4.1,10.2,0.242,0.1,2.9,3,2.6,"clintcapela"
"60","DeMarre Carroll\carrode01","BRK","SF",73,73,29.9,4.5,10.8,0.414,0.506,2.6,3.4,0.764,1.4,5.1,6.6,2,0.8,0.4,1.4,2.3,13.5,14.3,0.55,0.313,5.1,18.4,11.7,10.5,1.3,1,10.3,19.8,2.3,1.8,4.1,0.091,0.4,-0.3,0.2,1.2,"demarrecarroll"
"61","Vince Carter\cartevi01","SAC","SF",58,5,17.7,2,4.9,0.403,0.504,0.5,0.6,0.757,0.3,2.2,2.6,1.2,0.7,0.4,0.6,1.7,5.4,10.8,0.523,0.131,1.9,15.1,8.2,9.7,2.1,2.4,10.7,14.7,0.3,0.9,1.2,0.056,-1.5,0.4,-1.1,0.2,"vincecarter"
"62","Michael Carter-Williams\cartemi01","CHO","PG",52,2,16.1,1.5,4.4,0.332,0.362,1.4,1.7,0.82,0.7,1.9,2.7,2.2,0.8,0.4,1,1.9,4.6,10.8,0.446,0.389,4.7,13.3,8.9,19.4,2.6,2.3,16.2,16.6,-0.2,1.1,0.9,0.05,-2.6,2,-0.6,0.3,"michaelcarterwilliams"
"63","Alex Caruso\carusal01","LAL","PG",37,7,15.2,1.4,3.1,0.431,0.487,0.6,0.8,0.7,0.4,1.4,1.8,2,0.6,0.3,1.1,1.4,3.6,8.7,0.519,0.259,2.9,9.4,6.2,17.8,2,1.4,24.5,12.9,-0.1,0.6,0.5,0.041,-3.4,0.5,-2.9,-0.1,"alexcaruso"
"64","Omri Casspi\casspom01","GSW","SF",53,7,14,2.3,3.9,0.58,0.604,0.9,1.3,0.725,0.6,3.2,3.8,1,0.3,0.4,0.7,1.3,5.7,15.5,0.632,0.333,4.9,24,15.1,9.5,1.2,2,13.5,16.3,1.2,1,2.2,0.14,-1.5,0,-1.4,0.1,"omricasspi"
"65","Willie Cauley-Stein\caulewi01","SAC","C",73,58,28,5.3,10.6,0.502,0.504,2.1,3.4,0.619,1.8,5.2,7,2.4,1.1,0.9,1.5,2.5,12.8,17.6,0.529,0.32,7,22,14.2,13.7,1.9,3.1,11,21.8,1.7,2.2,3.9,0.092,-1.3,1.7,0.4,1.2,"williecauleystein"
"66","Tyler Cavanaugh\cavanty01","ATL","PF",39,1,13.3,1.7,3.9,0.441,0.546,0.4,0.5,0.81,1.2,2.1,3.3,0.7,0.2,0.1,0.4,1.6,4.7,13,0.567,0.138,9.7,17.7,13.7,7.8,0.8,0.7,8,14.8,0.9,0.3,1.2,0.109,0.5,-1.5,-1,0.1,"tylercavanaugh"
"67","Mario Chalmers\chalmma01","MEM","PG",66,10,21.5,2.5,6.7,0.379,0.439,1.8,2.1,0.855,0.2,2.2,2.4,3,1.2,0.2,1.8,2.7,7.7,10.4,0.503,0.312,1,12,6.4,21.5,2.8,0.9,18.8,19.6,-0.6,1.3,0.6,0.021,-2.2,-0.5,-2.7,-0.3,"mariochalmers"
"68","Tyson Chandler\chandty01","PHO","C",46,46,25,2.6,4.1,0.647,0.647,1.3,2,0.617,2.9,6.2,9.1,1.2,0.3,0.6,1.3,2.3,6.5,14.2,0.657,0.503,12.2,26.8,19.4,6.6,0.7,1.9,20.5,10.6,1.9,0.8,2.7,0.111,-1.3,1,-0.3,0.5,"tysonchandler"
"69","Wilson Chandler\chandwi01","DEN","SF",74,71,31.7,3.8,8.5,0.445,0.515,1.2,1.5,0.772,1.4,4,5.4,2.2,0.6,0.5,1.2,2.1,10,11,0.542,0.181,4.9,14.1,9.6,9.5,0.9,1.4,11.9,14.3,2.1,1.2,3.3,0.067,-0.5,-0.4,-0.9,0.6,"wilsonchandler"
"70","Marquese Chriss\chrisma01","PHO","PF",72,49,21.2,2.8,6.6,0.423,0.482,1.3,2.2,0.608,1.1,4.4,5.5,1.2,0.7,1,1.5,2.8,7.7,11.1,0.509,0.331,5.2,22.7,13.8,8.1,1.6,3.7,16.4,18.1,-0.8,1.5,0.7,0.023,-3.3,1.3,-2,0,"marquesechriss"
"71","Ian Clark\clarkia01","NOP","SG",74,2,19.7,3,6.7,0.448,0.511,0.6,0.8,0.763,0.1,1.6,1.7,1.5,0.4,0.1,0.8,1.6,7.4,9.4,0.529,0.119,0.8,8.4,4.7,10.4,1.1,0.5,9.9,17.2,0.3,0.8,1.1,0.037,-2,-2,-3.9,-0.7,"ianclark"
"72","Jordan Clarkson\clarkjo01","TOT","SG",81,2,23.3,5.3,11.8,0.451,0.509,1.9,2.3,0.8,0.7,2,2.7,2.7,0.7,0.1,1.6,1.3,13.9,16.4,0.542,0.199,3.3,9.1,6.2,19.3,1.5,0.3,10.9,26.5,1.9,1.2,3,0.077,0.8,-2.7,-1.9,0.1,"jordanclarkson"
"73","John Collins\collijo01","ATL","PF",74,26,24.1,4.2,7.4,0.576,0.591,1.8,2.5,0.715,2.4,4.9,7.3,1.3,0.6,1.1,1.4,2.9,10.5,18.3,0.62,0.341,11,22.8,16.9,8.9,1.3,3.8,14.3,17.9,3.4,2,5.4,0.145,-0.2,1.9,1.7,1.7,"johncollins"
"74","Zach Collins\colliza01","POR","C",66,1,15.8,1.7,4.4,0.398,0.458,0.4,0.6,0.643,0.7,2.7,3.3,0.8,0.3,0.5,0.9,2,4.4,7.5,0.475,0.145,4.7,18.2,11.5,7.1,0.8,2.4,15.9,15.4,-0.7,1.3,0.6,0.03,-4.1,0.9,-3.2,-0.3,"zachcollins"
"75","Kyle Collinsworth\colliky01","DAL","SF",32,2,15,1.2,3.1,0.384,0.404,0.7,1.3,0.525,1,2.3,3.3,1.8,0.5,0.3,0.8,1.4,3.2,10,0.433,0.404,7.2,18,12.4,16.4,1.8,1.7,17.1,13.3,-0.1,0.5,0.5,0.046,-4,2.2,-1.8,0,"kylecollinsworth"
"76","Darren Collison\collida01","IND","PG",69,64,29.2,4.6,9.2,0.495,0.571,1.8,2.1,0.882,0.5,2,2.6,5.3,1.3,0.2,1.2,1.8,12.4,18.8,0.61,0.226,2.1,7.8,5,26.4,2.3,0.7,10.9,17.4,5.8,1.8,7.6,0.181,3.1,-1,2.2,2.1,"darrencollison"
"77","Pat Connaughton\connapa01","POR","SG",82,5,18.1,2,4.8,0.423,0.518,0.5,0.5,0.841,0.4,1.5,2,1.1,0.3,0.3,0.5,1.5,5.4,9.3,0.539,0.113,2.7,9.1,5.9,8.7,0.8,1.2,9.5,13.4,1.2,1.3,2.5,0.08,-0.9,-0.4,-1.3,0.3,"patconnaughton"
"78","Quinn Cook\cookqu01","GSW","PG",33,18,22.4,3.7,7.6,0.484,0.575,0.7,0.8,0.88,0.3,2.2,2.5,2.7,0.4,0,1,1.8,9.5,12.8,0.593,0.099,1.6,10.2,6.2,16.6,0.8,0.1,10.8,17.5,1.1,0.4,1.6,0.101,0.6,-2.8,-2.2,0,"quinncook"
"79","DeMarcus Cousins\couside01","NOP","C",48,48,36.2,8.5,18,0.47,0.53,6.1,8.2,0.746,2.2,10.7,12.9,5.4,1.6,1.6,5,3.8,25.2,22.6,0.583,0.456,6.8,30.9,19.2,23,2.2,3.5,18.9,31.9,1.5,3.2,4.7,0.13,1.9,3.6,5.5,3.3,"demarcuscousins"
"80","Robert Covington\covinro01","PHI","SF",80,80,31.7,4.3,10.5,0.413,0.534,1.5,1.7,0.853,0.7,4.7,5.4,2,1.7,0.9,1.6,3,12.6,12.9,0.563,0.163,2.4,15.5,9.2,8.7,2.6,2.4,12.3,17.2,1.6,4.5,6.1,0.116,0.4,2.1,2.5,2.9,"robertcovington"
"81","Allen Crabbe\crabbal01","BRK","SG",75,68,29.3,4.5,11,0.407,0.529,1.5,1.8,0.852,0.4,3.9,4.3,1.6,0.6,0.5,1,2.2,13.2,12.3,0.558,0.163,1.3,14.4,7.8,8.4,1,1.2,8.1,19,1.8,1.4,3.2,0.07,0.4,-1.2,-0.8,0.7,"allencrabbe"
"82","Torrey Craig\craigto01","DEN","SF",39,5,16.1,1.6,3.5,0.453,0.515,0.6,0.9,0.629,1,2.2,3.3,0.6,0.3,0.4,0.5,1.6,4.2,9.8,0.535,0.255,7.2,15.5,11.4,5.4,0.9,2,11.6,11.9,0.5,0.4,0.9,0.069,-1.7,-0.8,-2.5,-0.1,"torreycraig"
"83","Jamal Crawford\crawfja01","MIN","SG",80,0,20.7,3.9,9.3,0.415,0.485,1.3,1.4,0.903,0.3,1,1.2,2.3,0.5,0.1,1.2,1.1,10.3,13,0.519,0.152,1.4,5.5,3.5,16.9,1.2,0.5,10.7,23.7,0.9,0.3,1.3,0.037,0,-4,-3.9,-0.8,"jamalcrawford"
"84","Jae Crowder\crowdja01","TOT","SF",80,47,26.1,3.4,8.4,0.404,0.486,1.5,1.9,0.818,0.7,2.7,3.4,1.2,0.8,0.3,0.9,2.3,9.7,10.4,0.525,0.221,3.2,11.5,7.4,6.9,1.5,0.9,9.1,17.3,1,1.6,2.6,0.06,-0.8,-0.9,-1.7,0.1,"jaecrowder"
"85","Dante Cunningham\cunnida01","TOT","SF",73,25,21.4,2.2,5,0.451,0.53,0.4,0.7,0.596,1.1,3,4.1,0.7,0.5,0.4,0.5,1.5,5.7,10,0.539,0.143,5.5,14.9,10.3,4.3,1.2,1.5,7.9,11.6,1.1,1.3,2.4,0.074,-1.4,0.1,-1.4,0.2,"dantecunningham"
"86","Stephen Curry\curryst01","GSW","PG",51,51,32,8.4,16.9,0.495,0.618,5.5,5.9,0.921,0.7,4.4,5.1,6.1,1.6,0.2,3,2.2,26.4,28.2,0.675,0.35,2.7,14.4,9,30.3,2.4,0.4,13.3,31,7.2,1.8,9.1,0.267,9.9,-1.3,8.6,4.4,"stephencurry"
"87","Troy Daniels\danietr01","PHO","SG",79,15,20.5,2.9,7.3,0.403,0.563,0.7,0.8,0.875,0.2,1.5,1.6,0.6,0.3,0.1,0.7,1.7,8.9,9.8,0.583,0.111,0.8,7.7,4.2,4.5,0.8,0.2,8.5,17.2,1.4,0,1.4,0.042,0.7,-3.6,-2.9,-0.4,"troydaniels"
"88","Anthony Davis\davisan02","NOP","PF",75,75,36.4,10.4,19.5,0.534,0.552,6.6,8,0.828,2.5,8.6,11.1,2.3,1.5,2.6,2.2,2.1,28.1,28.9,0.612,0.409,7.7,24.8,16.5,10.8,2,5.6,8.6,30,8.8,4.9,13.7,0.241,2.8,2.3,5.2,4.9,"anthonydavis"
"89","Deyonta Davis\davisde01","MEM","C",62,6,15.2,2.6,4.3,0.608,0.608,0.6,0.9,0.667,1.2,2.8,4,0.6,0.2,0.6,0.5,2,5.8,16.6,0.621,0.215,9,22,15.3,7.1,0.8,3.9,9.9,15.3,1.9,0.8,2.7,0.138,-1.3,0.4,-0.9,0.3,"deyontadavis"
"90","Ed Davis\davised01","POR","C",78,0,18.9,2.2,3.7,0.582,0.582,0.9,1.4,0.667,2.3,5,7.4,0.5,0.4,0.7,0.8,2.4,5.3,15.5,0.607,0.38,13.7,28.8,21.3,3.9,1.1,2.9,16.2,12.1,2.5,2.5,5,0.164,-1.8,1.8,0,0.7,"eddavis"
"91","Dewayne Dedmon\dedmode01","ATL","C",62,46,24.9,4,7.7,0.524,0.577,1.1,1.4,0.779,1.6,6.3,7.9,1.5,0.6,0.8,1.4,2.6,10,15.8,0.599,0.18,7.2,28.1,17.7,9.2,1.3,2.8,14.3,17,1.8,1.9,3.7,0.114,-1,1.6,0.5,1,"dewaynededmon"
"92","Sam Dekker\dekkesa01","LAC","PF",73,1,12.1,1.8,3.5,0.494,0.514,0.5,0.8,0.661,0.6,1.8,2.4,0.5,0.3,0.1,0.5,1,4.2,11.5,0.534,0.216,5.6,16,10.8,6.2,1.3,0.9,10.4,15.5,0.6,0.6,1.2,0.066,-2.1,-1,-3.1,-0.2,"samdekker"
"93","Malcolm Delaney\delanma01","ATL","PG",54,3,18.8,2,5.3,0.382,0.463,1.4,1.7,0.804,0.2,1.7,1.9,3,0.6,0.1,1.2,1.5,6.3,10.6,0.519,0.323,1,10,5.5,23.4,1.7,0.5,16.9,16.9,0.4,0.6,1,0.047,-2,-1.5,-3.6,-0.4,"malcolmdelaney"
"94","Matthew Dellavedova\dellama01","MIL","PG",38,3,18.7,1.4,4,0.362,0.457,0.7,0.7,0.926,0.4,1.3,1.7,3.8,0.4,0,1.3,1.8,4.3,8.6,0.5,0.178,2.3,8.2,5.3,27.4,1,0,23,13.5,0.3,0.2,0.5,0.032,-2.3,-3.6,-5.9,-0.7,"matthewdellavedova"
"95","DeMar DeRozan\derozde01","TOR","SG",80,80,33.9,8.1,17.7,0.456,0.488,5.8,7,0.825,0.7,3.2,3.9,5.2,1.1,0.3,2.2,1.9,23,21,0.555,0.396,2.5,10.4,6.5,25,1.5,0.6,9.5,29.6,6.8,2.8,9.6,0.17,2.7,-0.9,1.8,2.6,"demarderozan"
"96","Cheick Diallo\diallch01","NOP","PF",52,0,11.2,2,3.4,0.58,0.58,1,1.3,0.758,0.9,3.2,4.1,0.4,0.2,0.4,0.5,1.6,4.9,17,0.619,0.375,9.1,29.6,19.7,4.7,0.9,2.9,12,17.4,1.1,0.8,1.9,0.157,-2.8,-0.3,-3.1,-0.2,"cheickdiallo"
"97","Gorgui Dieng\dienggo01","MIN","C",79,0,16.9,2.4,4.9,0.479,0.504,1,1.3,0.775,1.3,3.2,4.6,0.9,0.6,0.5,0.7,1.9,5.9,14.7,0.543,0.263,9.1,22.2,15.6,7.5,1.7,2.6,12,16.3,1.6,1.3,2.9,0.105,-1,0.6,-0.4,0.5,"gorguidieng"
"98","Spencer Dinwiddie\dinwisp01","BRK","PG",80,58,28.8,4.1,10.5,0.387,0.471,2.7,3.4,0.813,0.5,2.7,3.2,6.6,0.9,0.3,1.6,2.3,12.6,15.9,0.527,0.32,1.8,10.2,6,35,1.4,0.7,11.8,20.3,4.3,1.4,5.7,0.118,2.1,-1.8,0.2,1.3,"spencerdinwiddie"
"99","Tyler Dorsey\dorsety01","ATL","SG",56,5,17.4,2.6,6.8,0.377,0.471,0.8,1.1,0.714,0.3,2,2.3,1.4,0.3,0.1,0.7,1.1,7.2,10,0.494,0.165,2,12.9,7.4,12.5,0.9,0.4,8.3,20,0,0.4,0.4,0.02,-1.8,-2.5,-4.2,-0.5,"tylerdorsey"
"100","Damyean Dotson\dotsoda01","NYK","SG",44,2,10.8,1.6,3.7,0.447,0.516,0.4,0.5,0.696,0.2,1.7,1.9,0.7,0.3,0,0.4,0.8,4.1,11.6,0.532,0.143,2.1,17.5,9.8,9.5,1.3,0.4,9,17.3,0.3,0.3,0.6,0.06,-1.4,-1.7,-3.1,-0.1,"damyeandotson"
"101","Goran Dragic\dragigo01","MIA","PG",75,75,31.7,6.5,14.3,0.45,0.502,2.9,3.6,0.801,0.7,3.4,4.1,4.8,0.8,0.2,2.2,2.4,17.3,16.6,0.543,0.252,2.5,12,7.2,25.4,1.3,0.4,12.2,25.7,2.9,2.3,5.3,0.106,1,-1.1,-0.1,1.2,"gorandragic"
"102","Andre Drummond\drumman01","DET","C",78,78,33.7,6,11.3,0.529,0.529,3.1,5.1,0.605,5.1,10.9,16,3,1.5,1.6,2.6,3.2,15,22.9,0.555,0.448,16.4,36.4,26.2,14.3,2.2,4.3,15.9,21.2,4.6,5.7,10.3,0.189,0.2,5.3,5.5,5,"andredrummond"
"103","Jared Dudley\dudleja01","PHO","PF",48,0,14.3,1,2.5,0.393,0.512,0.6,0.7,0.771,0.2,1.8,2,1.6,0.5,0.2,0.6,1.8,3.2,8.8,0.553,0.287,1.2,13.6,7.3,15.6,1.7,1.3,16.9,10.2,0.5,0.4,0.8,0.058,-1.9,0,-1.9,0,"jareddudley"
"104","Kris Dunn\dunnkr01","CHI","PG",52,43,29.3,5.5,12.8,0.429,0.462,1.6,2.2,0.73,0.5,3.8,4.3,6,2,0.5,2.9,3.4,13.4,14.5,0.488,0.173,1.6,14.4,7.8,33.3,3.3,1.6,17.3,24.7,-1,1.9,0.8,0.027,-1.4,1.4,-0.1,0.7,"krisdunn"
"105","Kevin Durant\duranke01","GSW","PF",68,68,34.2,9.3,18,0.516,0.586,5.3,5.9,0.889,0.5,6.4,6.8,5.4,0.7,1.8,3,2,26.4,26,0.64,0.331,1.6,19.5,11.2,25.5,1,4,12.9,30.4,7.5,2.9,10.4,0.215,5,0.7,5.6,4.5,"kevindurant"
"106","Henry Ellenson\ellenhe01","DET","PF",38,0,8.7,1.4,3.8,0.363,0.432,0.7,0.8,0.862,0.3,1.9,2.1,0.5,0.1,0,0.5,0.6,4,10.5,0.476,0.199,3.3,24.3,13.6,9.4,0.8,0,10.2,23.8,-0.2,0.4,0.1,0.02,-4.3,-2.6,-6.8,-0.4,"henryellenson"
"107","Wayne Ellington\ellinwa01","MIA","SG",77,2,26.5,3.7,9.1,0.407,0.569,0.9,1,0.859,0.3,2.5,2.8,1,0.7,0.1,0.7,1.2,11.2,12.5,0.588,0.111,1.3,10.7,6,5.9,1.3,0.3,6.6,17.3,2.6,1.9,4.5,0.105,1.8,-1.8,0,1,"wayneellington"
"108","Joel Embiid\embiijo01","PHI","C",63,63,30.3,8.1,16.8,0.483,0.514,5.7,7.4,0.769,2.3,8.7,11,3.2,0.6,1.8,3.7,3.3,22.9,22.9,0.573,0.442,8.4,29.7,19.4,18,1,4.8,15.6,33.4,2.3,3.8,6.2,0.155,0.1,2.5,2.6,2.2,"joelembiid"
"109","James Ennis\ennisja01","TOT","SF",72,22,22.3,2.5,5.3,0.474,0.54,1.3,1.6,0.836,1,2.1,3.1,1,0.7,0.3,0.8,1.9,7.1,11.6,0.588,0.302,5.1,11,8,6.6,1.5,1,11.4,13.7,2,1.1,3.1,0.092,-0.6,-0.5,-1.1,0.4,"jamesennis"
"110","Tyler Ennis\ennisty01","LAL","PG",54,11,12.6,1.7,4.1,0.42,0.451,0.4,0.5,0.759,0.4,1.4,1.8,1.9,0.6,0.2,0.7,1.4,4.1,11.1,0.473,0.129,3,11.8,7.4,21.9,2.1,1.2,13.8,17.1,0.1,0.7,0.8,0.058,-2.8,-0.1,-2.9,-0.1,"tylerennis"
"111","Jawun Evans\evansja01","LAC","PG",48,4,16.2,1.9,5.3,0.352,0.381,0.8,1,0.776,0.2,1.6,1.8,2.1,0.8,0.1,0.9,2,4.8,7.2,0.421,0.194,1.3,10.4,5.9,17.8,2.3,0.6,13.8,17.7,-0.8,0.6,-0.2,-0.011,-4.2,-0.5,-4.7,-0.5,"jawunevans"
"112","Tyreke Evans\evansty01","MEM","PG",52,32,30.9,7,15.6,0.452,0.523,3.2,4,0.785,0.8,4.3,5.1,5.2,1.1,0.3,2.3,1.8,19.4,21.1,0.561,0.258,3.1,16.3,9.5,31.2,1.8,1,11.5,28.4,3.1,1.2,4.2,0.126,4.4,-0.8,3.6,2.3,"tyrekeevans"
"113","Kenneth Faried\farieke01","DEN","PF",32,7,14.4,2.4,4.6,0.514,0.514,1.1,1.6,0.706,2.1,2.7,4.8,0.6,0.4,0.4,0.7,1.6,5.9,17.4,0.552,0.345,16.7,20.7,18.7,5.8,1.3,2.4,11.9,18.3,0.9,0.4,1.3,0.132,-1.1,-1.1,-2.3,0,"kennethfaried"
"114","Derrick Favors\favorde01","UTA","C",77,77,28,5.1,9.1,0.563,0.573,1.8,2.8,0.651,2.6,4.6,7.2,1.3,0.7,1.1,1.1,2.1,12.3,18.8,0.593,0.306,10.6,18.5,14.6,7.8,1.3,3.2,9.9,18.5,4.5,3.5,8,0.179,0.5,2.2,2.7,2.5,"derrickfavors"
"115","Cristiano Felicio\feliccr01","CHI","C",55,16,17.8,2.3,3.9,0.591,0.591,1,1.5,0.667,1.5,2.7,4.2,1,0.3,0.2,1,1.9,5.6,12.5,0.614,0.377,8.8,17.1,12.8,8.4,0.8,1,17.7,13.6,1.2,0.5,1.7,0.086,-2.3,-0.1,-2.4,-0.1,"cristianofelicio"
"116","Raymond Felton\feltora01","OKC","PG",82,2,16.6,2.7,6.7,0.406,0.479,0.4,0.5,0.818,0.3,1.6,1.9,2.5,0.6,0.2,0.9,1.1,6.9,13,0.494,0.08,2,11,6.3,22.5,1.8,1.1,11.7,20.4,0.9,1.3,2.2,0.078,-1.1,-1.7,-2.8,-0.3,"raymondfelton"
"117","Terrance Ferguson\fergute01","OKC","SG",61,12,12.5,1.1,2.8,0.414,0.533,0.1,0.2,0.9,0.3,0.5,0.8,0.3,0.4,0.2,0.2,1.4,3.1,7.4,0.545,0.059,2.7,4.2,3.4,3.4,1.6,1.2,6,10.4,0.7,0.5,1.2,0.077,-1.2,-1.3,-2.5,-0.1,"terranceferguson"
"118","Yogi Ferrell\ferreyo01","DAL","SG",82,21,27.8,3.8,8.9,0.426,0.518,1,1.3,0.796,0.3,2.7,3,2.5,0.8,0.1,1,1.9,10.2,11.4,0.54,0.141,1.2,11.2,6.1,13.5,1.4,0.4,9.1,17,1.5,1.5,3,0.064,-0.4,-0.6,-1,0.6,"yogiferrell"
"119","Bryn Forbes\forbebr01","SAS","SG",80,12,19,2.6,6.2,0.421,0.51,0.6,0.9,0.667,0.2,1.2,1.4,1,0.4,0,0.5,1.4,6.9,9.1,0.525,0.145,0.9,7.2,4,7.8,0.9,0.1,6.5,16.7,0.8,1.3,2.1,0.067,-1.2,-1.9,-3.1,-0.4,"brynforbes"
"120","Evan Fournier\fournev01","ORL","SF",57,57,32.2,6.5,14.1,0.459,0.538,2.6,3,0.867,0.4,2.8,3.2,2.9,0.8,0.3,1.7,2.4,17.8,15.5,0.577,0.216,1.4,9.5,5.4,14.8,1.3,0.7,9.8,23.3,2.4,0.9,3.3,0.087,1.6,-2.1,-0.4,0.7,"evanfournier"
"121","De'Aaron Fox\foxde01","SAC","PG",73,60,27.8,4.5,10.9,0.412,0.441,1.9,2.7,0.723,0.5,2.3,2.8,4.4,1,0.3,2.4,2.2,11.6,11.2,0.478,0.245,1.8,10,5.7,24.6,1.7,0.9,16.4,23.4,-1.7,1.1,-0.6,-0.014,-2.8,-1.5,-4.4,-1.2,"deaaronfox"
"122","Tim Frazier\fraziti01","WAS","PG",59,11,14.2,1.2,2.9,0.395,0.445,0.4,0.5,0.767,0.3,1.6,1.9,3.3,0.8,0.1,1,1.6,3,11.3,0.475,0.174,2.4,13.1,7.8,31.1,2.8,0.7,23.5,12.8,0.4,1,1.4,0.08,-2.4,0.3,-2.1,0,"timfrazier"
"123","Channing Frye\fryech01","TOT","C",53,1,13.1,2,4,0.491,0.583,0.3,0.4,0.895,0.2,2.3,2.5,0.7,0.3,0.2,0.4,1.3,5,13.1,0.599,0.09,1.9,19.4,10.8,7.9,1.3,1.6,8.7,15.2,0.9,0.6,1.5,0.101,-0.7,-1,-1.7,0.1,"channingfrye"
"124","Langston Galloway\gallola01","DET","SG",58,2,14.9,2.2,5.9,0.371,0.481,0.6,0.7,0.805,0.2,1.4,1.6,1,0.6,0.1,0.3,0.7,6.2,12.2,0.503,0.121,1.6,10.3,5.9,10.1,2,0.5,4.8,19.3,0.5,0.9,1.4,0.08,-0.2,-1.6,-1.7,0.1,"langstongalloway"
"125","Marc Gasol\gasolma01","MEM","C",73,73,33,5.9,14.2,0.42,0.473,3.8,4.6,0.834,1.1,7,8.1,4.2,0.7,1.4,2.7,2.5,17.2,17.4,0.532,0.326,3.7,25.3,14.2,21.7,1.1,3.9,14.1,25.6,1.5,2.6,4,0.08,-0.1,1.6,1.5,2.1,"marcgasol"
"126","Pau Gasol\gasolpa01","SAS","C",77,63,23.5,3.7,8.1,0.458,0.492,2.1,2.7,0.756,1.7,6.4,8,3.1,0.3,1,1.4,1.6,10.1,18.9,0.539,0.333,7.8,30.2,19,20.1,0.7,3.6,13.1,20.4,2.7,3.3,6,0.159,-0.1,3.3,3.2,2.4,"paugasol"
"127","Rudy Gay\gayru01","SAS","PF",57,6,21.6,4.4,9.4,0.471,0.506,2,2.5,0.772,1.3,3.8,5.1,1.3,0.8,0.7,1.4,1.7,11.5,18,0.545,0.27,6.8,19.5,13.1,9.8,1.9,2.6,11.5,24.6,1,2.1,3.1,0.123,-0.7,1,0.3,0.7,"rudygay"
"128","Paul George\georgpa01","OKC","SF",79,79,36.6,7.3,16.9,0.43,0.521,4.3,5.2,0.82,0.9,4.7,5.7,3.3,2,0.5,2.7,2.9,21.9,18.7,0.57,0.308,2.7,14.9,8.6,14.5,2.8,1.2,12.2,25.7,5,3.9,8.9,0.148,2.5,0,2.6,3.3,"paulgeorge"
"129","Marcus Georges-Hunt\georgma01","MIN","SG",42,0,5.3,0.5,1.1,0.438,0.479,0.3,0.5,0.619,0.2,0.2,0.4,0.2,0.1,0,0.1,0.8,1.4,6.9,0.515,0.438,3.6,4.7,4.1,4.1,1.3,0,5,11.9,0.2,0,0.2,0.049,-1.7,-2.7,-4.4,-0.1,"marcusgeorgeshunt"
"130","Taj Gibson\gibsota01","MIN","PF",82,82,33.2,5.2,9,0.577,0.581,1.7,2.3,0.768,2.4,4.8,7.1,1.2,0.8,0.7,1.1,2.7,12.2,15.4,0.61,0.251,8.1,16.7,12.4,5.2,1.1,1.9,9.8,14.7,5.4,1.7,7.2,0.126,0.9,0.2,1.1,2.1,"tajgibson"
"131","Manu Ginobili\ginobma01","SAS","SG",65,0,20,3.1,7.1,0.434,0.503,1.7,2,0.84,0.3,1.9,2.2,2.5,0.7,0.2,1.6,1.9,8.9,12.9,0.553,0.283,1.6,10.6,6.1,19.1,1.7,1,16.8,21.5,0.6,1.6,2.2,0.082,-0.5,-0.5,-1,0.3,"manuginobili"
"132","Rudy Gobert\goberru01","UTA","C",56,56,32.4,4.9,7.9,0.622,0.622,3.6,5.3,0.682,2.9,7.8,10.7,1.4,0.8,2.3,1.9,2.7,13.5,20.7,0.657,0.673,10.4,27,18.8,6.9,1.2,6,15.7,16.9,4.2,3.9,8.1,0.214,-0.3,4.6,4.3,2.9,"rudygobert"
"133","Aaron Gordon\gordoaa01","ORL","PF",58,57,32.9,6.5,14.9,0.434,0.5,2.7,3.9,0.698,1.5,6.4,7.9,2.3,1,0.8,1.8,1.9,17.6,16.5,0.53,0.26,5,21.5,13.2,11.7,1.5,1.9,10,24.7,0.9,2,2.9,0.072,0,0,0,1,"aarongordon"
"134","Eric Gordon\gordoer01","HOU","SG",69,30,31.2,6,14.1,0.428,0.54,2.8,3.5,0.809,0.4,2.1,2.5,2.2,0.6,0.4,1.9,1.7,18,15.2,0.578,0.248,1.3,7.5,4.4,11.7,1,1.1,10.8,24.7,2.9,1.8,4.7,0.105,1.4,-2.4,-1,0.5,"ericgordon"
"135","Marcin Gortat\gortama01","WAS","C",82,82,25.3,3.5,6.8,0.518,0.518,1.3,2,0.675,2.2,5.4,7.6,1.8,0.5,0.7,1.2,2.1,8.4,14.7,0.546,0.291,9.9,24,17,10.6,1,2.6,13.5,15.5,2.4,2.4,4.9,0.113,-1.6,1.9,0.3,1.2,"marcingortat"
"136","Treveon Graham\grahatr01","CHO","SG",63,2,16.7,1.5,3.5,0.434,0.525,0.7,0.9,0.695,0.7,1.3,1.9,0.9,0.5,0,0.4,1.7,4.3,9,0.553,0.267,4.3,8.3,6.2,7.8,1.5,0.2,9.9,11.3,1.1,0.7,1.8,0.08,-0.6,-0.3,-0.9,0.3,"treveongraham"
"137","Jerami Grant\grantje01","OKC","PF",81,1,20.3,3,5.6,0.535,0.57,2,3,0.675,1.1,2.9,3.9,0.7,0.4,1,0.7,1.9,8.4,16.2,0.607,0.526,5.6,16.3,10.7,5.1,0.9,4.2,8.8,16,3.5,1.9,5.4,0.156,-0.8,0.2,-0.6,0.6,"jeramigrant"
"138","Jerian Grant\grantje02","CHI","PG",74,26,22.8,2.8,6.8,0.415,0.475,1.9,2.5,0.745,0.4,1.9,2.3,4.6,0.9,0.1,1.2,1.8,8.4,14.3,0.528,0.373,1.9,9.3,5.5,30.1,1.8,0.4,13.2,17.4,2.3,1,3.3,0.094,-0.1,-1.8,-2,0,"jeriangrant"
"139","Danny Green\greenda02","SAS","SG",70,60,25.6,3.1,8,0.387,0.49,0.7,0.9,0.769,0.6,3,3.6,1.6,0.9,1.1,1.1,1.7,8.6,11.4,0.509,0.116,2.5,13,7.7,8.9,1.8,3.7,11.2,16.6,0.1,2.9,2.9,0.078,-1.1,2.2,1.2,1.4,"dannygreen"
"140","Draymond Green\greendr01","GSW","PF",70,70,32.7,4,8.8,0.454,0.516,1.9,2.5,0.775,1.1,6.6,7.6,7.3,1.4,1.3,2.9,2.6,11,16.1,0.556,0.279,3.9,21.1,13.1,29,2,3.1,22.5,17.2,2.6,3.4,6.1,0.127,0.4,2.7,3.2,3,"draymondgreen"
"141","Gerald Green\greenge01","HOU","SG",41,2,22.7,4.1,10.1,0.407,0.54,1.2,1.5,0.85,0.4,2.9,3.2,0.6,0.6,0.4,0.8,2.1,12.1,14.1,0.566,0.145,1.8,14.2,8.1,4.3,1.3,1.4,6.6,22.4,1,1,2.1,0.107,0.5,-2.4,-1.9,0,"geraldgreen"
"142","JaMychal Green\greenja01","MEM","PF",55,54,28,4.1,8.9,0.457,0.501,1.5,2,0.721,2.7,5.8,8.4,1.4,0.6,0.5,1.4,2.8,10.3,14,0.53,0.227,10.8,24.4,17.4,8.3,1,1.5,12.4,17.8,1.3,1.3,2.6,0.079,-1.2,-0.4,-1.5,0.2,"jamychalgreen"
"143","Jeff Green\greenje02","CLE","PF",78,13,23.4,3.8,7.9,0.477,0.52,2.6,3,0.868,0.8,2.4,3.2,1.3,0.5,0.4,1,1.9,10.8,14.8,0.587,0.379,3.7,11.2,7.6,8,1.1,1.6,9.4,19.3,3.1,0.8,3.9,0.103,-0.2,-1.7,-1.9,0.1,"jeffgreen"
"144","Blake Griffin\griffbl01","TOT","PF",58,58,34,7.5,17.2,0.438,0.493,4.5,5.7,0.785,1.3,6.1,7.4,5.8,0.7,0.3,2.8,2.4,21.4,19.6,0.544,0.331,4.1,19.8,12,28.1,1,0.8,12.6,28.9,3.2,1.8,4.9,0.12,2.9,-0.1,2.8,2.4,"blakegriffin"
"145","Tim Hardaway\hardati02","NYK","SG",57,54,33.1,6.3,15,0.421,0.496,2.6,3.1,0.816,0.6,3.4,3.9,2.7,1.1,0.2,1.6,2.2,17.5,14.4,0.533,0.209,1.9,11.3,6.6,12.7,1.6,0.5,9,23.8,1.6,1.1,2.6,0.067,1.7,-1.8,-0.1,0.9,"timhardaway"
"146","James Harden\hardeja01","HOU","SG",72,72,35.4,9,20.1,0.449,0.541,8.7,10.1,0.858,0.6,4.8,5.4,8.8,1.8,0.7,4.4,2.3,30.4,29.8,0.619,0.502,1.8,15.2,8.6,45.1,2.4,1.7,15.1,36.1,11.6,3.8,15.4,0.289,9.6,1.3,10.9,8.3,"jamesharden"
"147","Maurice Harkless\harklma01","POR","SF",59,36,21.4,2.5,5,0.495,0.577,0.7,1,0.712,0.8,2,2.7,0.9,0.8,0.7,0.7,1.7,6.5,12.6,0.596,0.199,4,9.9,7,6,1.9,2.8,11,12.6,1.6,1.7,3.2,0.123,-0.2,2,1.8,1.2,"mauriceharkless"
"148","Montrezl Harrell\harremo01","LAC","C",76,3,17,4.6,7.2,0.635,0.636,1.8,2.9,0.626,1.4,2.7,4,1,0.5,0.7,0.9,1.9,11,24.7,0.647,0.405,8.9,17,13,10.1,1.4,3.4,9.5,23.8,4.3,1.3,5.5,0.205,2.4,0,2.4,1.5,"montrezlharrell"
"149","Devin Harris\harride01","TOT","PG",71,1,18.9,2.6,6.4,0.412,0.499,2,2.4,0.835,0.2,1.6,1.8,2.1,0.7,0.2,1.1,2.2,8.4,13,0.563,0.374,1,9.8,5.3,16.9,1.8,0.8,12.6,20.2,1.6,0.9,2.5,0.09,-0.1,-1.9,-2,0,"devinharris"
"150","Gary Harris\harriga01","DEN","SG",67,65,34.4,6.6,13.6,0.485,0.57,2,2.4,0.827,0.6,2.1,2.6,2.9,1.8,0.2,1.8,1.8,17.5,16.5,0.597,0.178,1.8,6.8,4.3,13,2.6,0.5,10.8,20.7,3.9,1.5,5.5,0.114,2.4,-1.5,0.9,1.7,"garyharris"
"151","Joe Harris\harrijo01","BRK","SG",78,14,25.3,3.9,8,0.491,0.612,1.1,1.3,0.827,0.7,2.7,3.3,1.6,0.4,0.3,1.2,2,10.8,13.3,0.634,0.167,2.7,11.3,7,10.2,0.9,0.8,12,16.6,3,0.9,4,0.097,1.3,-1.2,0.1,1.1,"joeharris"
"152","Tobias Harris\harrito02","TOT","PF",80,80,33.4,7,15.3,0.46,0.535,2.2,2.7,0.829,0.7,4.7,5.5,2.4,0.9,0.4,1.3,2.1,18.6,17.1,0.565,0.177,2.4,15.7,9,11.8,1.3,1.1,7.4,23.3,4.2,2.5,6.7,0.12,1.5,-0.8,0.7,1.8,"tobiasharris"
"153","Andrew Harrison\harrian01","MEM","PG",56,46,23.7,3.2,7.7,0.422,0.477,2.2,2.8,0.78,0.4,1.9,2.3,3.2,0.7,0.5,1.4,2.5,9.5,12.7,0.534,0.371,2,9.7,5.7,21.3,1.4,1.8,14,19.6,1,0.7,1.7,0.062,-0.9,-1.5,-2.5,-0.2,"andrewharrison"
"154","Josh Hart\hartjo01","LAL","SG",63,23,23.2,2.8,6,0.469,0.573,1,1.5,0.702,0.7,3.5,4.2,1.3,0.7,0.3,0.7,1.7,7.9,12.2,0.596,0.251,3.1,16,9.6,7.6,1.5,0.9,10.1,13.5,1.9,1.5,3.4,0.111,-0.3,0.2,-0.1,0.7,"joshhart"
"155","John Henson\hensojo01","MIL","C",76,69,25.9,3.8,6.6,0.572,0.573,1.2,2.1,0.57,2,4.8,6.8,1.5,0.6,1.4,1.1,2.7,8.8,15.7,0.582,0.315,9,21.5,15.3,8.6,1.1,4.7,12.8,15,2.8,2.2,4.9,0.12,-1.4,1.8,0.4,1.2,"johnhenson"
"156","Willy Hernangomez\hernawi01","TOT","C",48,1,10.3,1.9,3.4,0.555,0.57,1.2,1.9,0.656,1.3,2.5,3.8,0.7,0.4,0.3,0.7,1.3,5.1,21.2,0.604,0.549,13.3,27.2,20.2,10.5,1.8,2.7,14.7,21,1.1,0.7,1.8,0.174,0.1,0.8,0.9,0.4,"willyhernangomez"
"157","Mario Hezonja\hezonma01","ORL","SF",75,30,22.1,3.6,8.2,0.442,0.515,1.1,1.4,0.819,0.5,3.2,3.7,1.4,1.1,0.4,1.1,1.8,9.6,13.7,0.544,0.17,2.7,16.1,9.3,10,2.4,1.5,11.5,19.9,0.5,1.8,2.3,0.066,-1,0.2,-0.8,0.5,"mariohezonja"
"158","Buddy Hield\hieldbu01","SAC","SG",80,12,25.3,5.2,11.7,0.446,0.54,0.9,1,0.877,0.7,3.2,3.8,1.9,1.1,0.3,1.6,1.9,13.5,16.1,0.557,0.087,3,14.8,8.6,12.8,2.1,1,11.3,24.3,1.3,1.5,2.8,0.067,1.2,-1.4,-0.2,0.9,"buddyhield"
"159","Nene Hilario\hilarne01","HOU","C",52,4,14.6,2.6,4.6,0.569,0.569,1.3,2.1,0.636,1,2.3,3.4,0.9,0.5,0.3,0.7,2.4,6.5,16.4,0.594,0.448,8.1,18,13.1,9.5,1.8,1.6,11.7,18.9,1.5,1.1,2.6,0.163,-1.5,0.7,-0.8,0.2,"nenehilario"
"160","George Hill\hillge01","TOT","PG",67,60,27,3.5,7.7,0.46,0.543,1.6,2.1,0.786,0.6,2.1,2.7,2.8,0.9,0.4,1.3,1.9,10,13.3,0.58,0.273,2.6,8.9,5.7,15,1.7,1.3,13.3,16.3,2.3,0.9,3.2,0.085,0.3,-0.9,-0.6,0.6,"georgehill"
"161","Jrue Holiday\holidjr01","NOP","SG",81,81,36.1,7.6,15.4,0.494,0.543,2.3,2.9,0.786,0.8,3.7,4.5,6,1.5,0.8,2.6,2.5,19,17.8,0.57,0.191,2.4,10.8,6.8,24.9,2,1.7,13.6,23.1,4.2,2.9,7.1,0.116,1.8,0.3,2.1,3,"jrueholiday"
"162","Justin Holiday\holidju01","CHI","SG",72,72,31.5,4,10.9,0.371,0.474,1.9,2.3,0.823,0.4,3.6,4,2.1,1.1,0.4,1.3,1.9,12.2,10.8,0.513,0.21,1.4,12.8,6.9,10.1,1.7,1.2,9.8,18.2,0.1,1.6,1.7,0.036,-1,-0.3,-1.3,0.4,"justinholiday"
"163","Rondae Hollis-Jefferson\holliro01","BRK","SF",68,59,28.2,5,10.6,0.472,0.481,3.7,4.6,0.788,1.5,5.3,6.8,2.5,1,0.7,1.8,2.1,13.9,16.9,0.548,0.436,5.5,20,12.7,14.2,1.6,1.9,12.3,22.2,2.1,2,4.1,0.103,-1.5,1.1,-0.4,0.8,"rondaehollisjefferson"
"164","Richaun Holmes\holmeri01","PHI","C",48,2,15.5,2.8,5,0.56,0.568,0.8,1.2,0.661,1.2,3.2,4.4,1.3,0.4,0.6,0.5,2,6.5,17.4,0.585,0.232,8.6,21.4,15.2,12.3,1.3,3.2,8.6,16.6,1.6,1.3,2.8,0.183,-0.2,1.9,1.7,0.7,"richaunholmes"
"165","Rodney Hood\hoodro01","TOT","SG",60,23,26.9,5.4,12.5,0.429,0.513,1.9,2.2,0.86,0.4,2.4,2.8,1.6,0.8,0.2,1.2,1.8,14.7,14.3,0.546,0.172,1.6,9.9,5.8,9.7,1.4,0.6,8,24.3,1.2,1.5,2.7,0.081,0.2,-2.2,-2,0,"rodneyhood"
"166","Al Horford\horfoal01","BOS","C",72,72,31.6,5.1,10.5,0.489,0.553,1.3,1.7,0.783,1.4,5.9,7.4,4.7,0.6,1.1,1.8,1.9,12.9,17.6,0.575,0.159,5,20.2,12.7,23.6,0.9,2.9,14.1,18.4,4,3.8,7.8,0.165,1.1,2.9,4,3.5,"alhorford"
"167","Dwight Howard\howardw01","CHO","C",81,81,30.4,6.2,11.2,0.555,0.556,4.1,7.2,0.574,3.1,9.3,12.5,1.3,0.6,1.6,2.6,3.1,16.6,20.5,0.577,0.639,11,33.8,22.2,7.1,1,4.4,15.1,24.2,2.9,3.9,6.8,0.132,-2,1.7,-0.3,1.1,"dwighthoward"
"168","Josh Huestis\huestjo01","OKC","PF",69,10,14.2,0.9,2.6,0.33,0.42,0.1,0.3,0.3,0.6,1.7,2.3,0.3,0.2,0.6,0.4,1.2,2.3,5.4,0.417,0.11,4.6,13.9,9.1,2.7,0.8,4,12,9.5,-0.5,1,0.5,0.024,-4.6,0.7,-3.9,-0.5,"joshhuestis"
"169","Serge Ibaka\ibakase01","TOR","PF",76,76,27.5,5,10.3,0.483,0.552,1.2,1.6,0.797,1,5.3,6.3,0.8,0.4,1.3,1.2,2.8,12.6,14.7,0.574,0.151,4.3,21,12.8,4.4,0.7,3.8,9.7,19.4,2.1,3,5.1,0.117,-0.8,0.6,-0.2,1,"sergeibaka"
"170","Andre Iguodala\iguodan01","GSW","SF",64,7,25.3,2.3,5,0.463,0.514,0.9,1.4,0.632,0.8,3.1,3.8,3.3,0.8,0.6,1,1.5,6,11.2,0.536,0.272,3.7,12.6,8.5,16.2,1.6,1.9,15.8,11.5,1.6,1.6,3.2,0.094,-0.7,0.9,0.2,0.9,"andreiguodala"
"171","Ersan Ilyasova\ilyaser01","TOT","PF",69,43,25.1,4,8.9,0.452,0.526,1.5,2,0.778,1.7,4.2,5.9,1.3,0.9,0.4,1,2.3,10.9,14.9,0.558,0.22,7.6,18,12.9,7.9,1.7,1.3,9.7,18.7,2.2,1.9,4,0.112,0.2,-0.1,0.1,0.9,"ersanilyasova"
"172","Joe Ingles\inglejo01","UTA","SF",82,81,31.4,4.1,8.8,0.467,0.609,0.8,1,0.795,0.3,3.9,4.2,4.8,1.1,0.2,1.9,2.2,11.5,14.4,0.623,0.116,1.1,13.9,7.6,22.9,1.8,0.7,17.4,15.9,4,3.6,7.6,0.141,2.1,1,3.1,3.3,"joeingles"
"173","Brandon Ingram\ingrabr01","LAL","SF",59,59,33.5,6.1,12.9,0.47,0.497,3.3,4.8,0.681,1,4.4,5.3,3.9,0.8,0.7,2.5,2.8,16.1,13.8,0.536,0.371,3.1,13.8,8.5,17.7,1.1,1.8,14.4,22.2,1,1.8,2.8,0.068,-1.6,0.3,-1.3,0.4,"brandoningram"
"174","Kyrie Irving\irvinky01","BOS","PG",60,60,32.2,8.9,18.1,0.491,0.568,3.9,4.4,0.889,0.6,3.2,3.8,5.1,1.1,0.3,2.3,2,24.4,25,0.61,0.24,1.9,10.8,6.4,30.7,1.7,0.7,10.4,31,6.3,2.7,8.9,0.222,6.9,-0.7,6.2,4,"kyrieirving"
"175","Jonathan Isaac\isaacjo01","ORL","PF",27,10,19.9,2,5.4,0.379,0.434,0.7,0.9,0.76,0.6,3.1,3.7,0.7,1.2,1.1,1,1.8,5.4,9.8,0.465,0.172,3.3,17.2,10.2,4.8,3,4.5,14.8,15,-0.6,0.8,0.2,0.021,-4.9,3.1,-1.8,0,"jonathanisaac"
"176","Wesley Iwundu\iwundwe01","ORL","SF",62,12,16.5,1.5,3.5,0.427,0.447,0.5,0.8,0.723,0.6,1.6,2.2,0.9,0.5,0.2,0.5,1.3,3.7,7.8,0.48,0.216,3.9,11,7.4,7.8,1.6,0.9,11.2,11.6,0,0.7,0.7,0.032,-3.7,0.2,-3.5,-0.4,"wesleyiwundu"
"177","Jarrett Jack\jackja01","NYK","PG",62,56,25,3,7.1,0.427,0.455,1,1.2,0.84,0.4,2.7,3.1,5.6,0.6,0.1,1.9,1.6,7.5,11.5,0.489,0.169,1.6,12.1,6.8,31.3,1.1,0.2,19.5,16.7,0.5,0.7,1.2,0.036,-1.9,-1.7,-3.5,-0.6,"jarrettjack"
"178","Josh Jackson\jacksjo02","PHO","SF",77,35,25.4,5.1,12.1,0.417,0.448,2.3,3.6,0.634,1.2,3.3,4.6,1.5,1,0.5,1.9,2.8,13.1,11.8,0.48,0.299,5.1,14.2,9.6,10.1,2,1.4,12.2,26,-2,1.2,-0.7,-0.018,-3.1,-1.2,-4.3,-1.1,"joshjackson"
"179","Justin Jackson\jacksju01","SAC","SF",68,41,22.1,2.7,6.2,0.442,0.51,0.4,0.5,0.722,0.4,2.4,2.8,1.1,0.4,0.2,0.6,1.2,6.7,9.2,0.521,0.086,2,12.6,7.1,7.2,0.9,0.8,8.4,14.2,0.4,0.5,1,0.031,-2,-1.5,-3.5,-0.6,"justinjackson"
"180","Reggie Jackson\jacksre01","DET","PG",45,45,26.7,5.5,12.8,0.426,0.471,2.5,3,0.836,0.6,2.1,2.8,5.3,0.6,0.1,2.2,1.9,14.6,15.9,0.516,0.232,2.6,9,5.7,32.8,1.1,0.3,13.5,27.1,1.1,0.9,2,0.078,0.8,-2.3,-1.5,0.2,"reggiejackson"
"181","LeBron James\jamesle01","CLE","PF",82,82,36.9,10.5,19.3,0.542,0.59,4.7,6.5,0.731,1.2,7.5,8.6,9.1,1.4,0.9,4.2,1.6,27.5,28.6,0.621,0.336,3.7,22.3,13.1,44.4,1.9,2,16.1,31.6,11,3,14,0.221,7.6,2,9.6,8.9,"lebronjames"
"182","Mike James\jamesmi02","TOT","PG",36,10,19.1,3.4,8.9,0.383,0.424,1.8,2.3,0.762,0.4,2.1,2.5,3.5,0.8,0.2,1.4,1.3,9.3,13.9,0.469,0.262,2,12.2,7,29.4,2,0.8,12,25.1,-0.1,0.3,0.2,0.017,-0.9,-1.8,-2.6,-0.1,"mikejames"
"183","Al Jefferson\jeffeal01","IND","C",36,1,13.4,3.1,5.8,0.534,0.534,0.8,1,0.833,0.8,3.1,4,0.8,0.4,0.6,0.6,1.8,7,20.2,0.563,0.173,7,26.2,16.7,10,1.7,4.2,8.6,22.5,0.8,0.8,1.6,0.158,-1.7,1.3,-0.5,0.2,"aljefferson"
"184","Jonas Jerebko\jerebjo01","UTA","PF",74,19,15.3,2.1,4.6,0.466,0.562,0.6,0.8,0.807,0.7,2.6,3.3,0.6,0.3,0.2,0.4,1.7,5.8,13.2,0.586,0.167,5.4,19.1,12.3,5.7,1.1,0.9,6.9,15.6,1.8,1.6,3.4,0.144,-0.3,-0.3,-0.6,0.4,"jonasjerebko"
"185","Amir Johnson\johnsam01","PHI","C",74,18,15.8,1.9,3.5,0.538,0.558,0.7,1.1,0.612,1.7,2.8,4.5,1.6,0.6,0.6,0.7,2.6,4.6,14.8,0.575,0.327,11.8,18.3,15.2,13.9,1.8,3.1,15.6,12.8,2.1,2,4.1,0.169,-0.2,3.1,2.9,1.5,"amirjohnson"
"186","Dakari Johnson\johnsda04","OKC","C",31,6,5.2,0.7,1.3,0.564,0.564,0.4,0.6,0.55,0.5,0.6,1.1,0.3,0.2,0.3,0.1,0.9,1.8,16.4,0.575,0.513,10.7,12.8,11.7,7.2,1.8,4.5,5.9,13.5,0.4,0.2,0.6,0.178,-0.9,1.2,0.3,0.1,"dakarijohnson"
"187","James Johnson\johnsja01","MIA","PF",73,41,26.6,4.2,8.4,0.503,0.55,1.5,2.2,0.698,0.8,4.1,4.9,3.8,1,0.7,1.9,2.6,10.8,15.8,0.575,0.264,3.5,17.2,10.3,22.5,1.8,2.2,17.2,19.1,2.2,2.8,4.9,0.122,-0.1,1.7,1.7,1.8,"jamesjohnson"
"188","Joe Johnson\johnsjo02","TOT","SF",55,4,21.9,2.7,6.5,0.406,0.461,0.7,0.8,0.889,0.3,2.9,3.1,1.5,0.3,0.1,0.9,1.2,6.8,8.1,0.49,0.125,1.3,14.7,8.1,10.2,0.7,0.5,11.4,15.9,-0.3,1.3,1,0.04,-3.4,-0.4,-3.8,-0.5,"joejohnson"
"189","Stanley Johnson\johnsst04","DET","SF",69,50,27.4,3,8.1,0.375,0.435,1.6,2.1,0.772,0.5,3.2,3.7,1.6,1.4,0.2,1.1,2.4,8.7,9,0.48,0.259,1.9,13,7.3,8.5,2.5,0.7,11,16.4,-0.6,2.4,1.8,0.046,-2.6,1.1,-1.5,0.2,"stanleyjohnson"
"190","Tyler Johnson\johnsty01","MIA","PG",72,39,28.5,4.3,9.9,0.435,0.518,1.5,1.8,0.822,0.5,3,3.4,2.3,0.8,0.5,1.1,2.1,11.7,13,0.549,0.181,1.9,11.7,6.8,12.4,1.5,1.4,9.5,18.6,1.9,2.3,4.2,0.097,-0.1,-0.1,-0.2,0.9,"tylerjohnson"
"191","Wesley Johnson\johnswe01","LAC","SF",74,40,20.1,2,5,0.408,0.489,0.6,0.8,0.741,0.4,2.5,2.9,0.8,1,0.8,0.7,2,5.4,9.8,0.512,0.158,2.2,13.6,8,5.6,2.5,3.5,12.3,13,-0.1,1.7,1.7,0.055,-2,2.3,0.3,0.9,"wesleyjohnson"
"192","Nikola Jokic\jokicni01","DEN","C",75,73,32.6,6.7,13.5,0.499,0.554,3.5,4.2,0.85,2.6,8.1,10.7,6.1,1.2,0.8,2.8,2.8,18.5,24.4,0.603,0.31,9,27.9,18.5,29.6,1.8,2.1,15.5,24.2,7.8,2.9,10.7,0.211,4.8,2.3,7.1,5.6,"nikolajokic"
"193","Tyus Jones\jonesty01","MIN","PG",82,11,17.9,1.8,4,0.457,0.526,0.9,1,0.877,0.2,1.4,1.6,2.8,1.2,0.1,0.7,1.3,5.1,14.1,0.572,0.247,1.2,9.2,5.2,21.2,3.2,0.4,14,12.7,2.3,1.2,3.6,0.117,0.8,-0.3,0.5,0.9,"tyusjones"
"194","DeAndre Jordan\jordade01","LAC","C",77,77,31.5,4.8,7.5,0.645,0.645,2.4,4.1,0.58,4.3,10.9,15.2,1.5,0.5,0.9,1.8,2.6,12,20.2,0.648,0.54,15.1,37.6,26.5,7.1,0.8,2.4,16.1,15.2,6,3.4,9.4,0.186,0.5,1.6,2.1,2.5,"deandrejordan"
"195","Cory Joseph\josepco01","IND","PG",82,17,27,3.1,7.4,0.424,0.479,0.9,1.1,0.745,0.5,2.7,3.2,3.2,1,0.2,1.1,1.7,7.9,11,0.503,0.156,2,11.4,6.7,16.1,1.8,0.7,11.9,14.8,1.2,2,3.1,0.068,-1.3,0.1,-1.2,0.5,"coryjoseph"
"196","Frank Kaminsky\kaminfr01","CHO","PF",79,4,23.2,3.9,9.1,0.429,0.501,2,2.5,0.799,0.6,3.1,3.6,1.6,0.5,0.2,0.8,1.2,11.1,14.4,0.545,0.271,2.7,14.5,8.5,11,1,0.9,7.6,20.5,2.3,1.3,3.6,0.094,0.3,-1.2,-0.9,0.5,"frankkaminsky"
"197","Enes Kanter\kanteen01","NYK","C",71,71,25.8,5.9,10,0.592,0.592,2.2,2.6,0.848,3.8,7.1,11,1.5,0.5,0.5,1.7,2.6,14.1,24,0.63,0.258,16.6,30.6,23.6,9.4,1,1.7,13.3,21.8,5.5,2.1,7.6,0.198,2.4,0.1,2.5,2.1,"eneskanter"
"198","Luke Kennard\kennalu01","DET","SG",73,9,20,2.8,6.4,0.443,0.53,0.9,1,0.855,0.3,2.1,2.4,1.7,0.6,0.2,0.9,1.2,7.6,12.1,0.56,0.163,1.6,11.9,6.6,12.7,1.5,0.8,12.2,17.2,1.1,1.4,2.6,0.085,-1.1,-0.4,-1.5,0.2,"lukekennard"
"199","Michael Kidd-Gilchrist\kiddgmi01","CHO","SF",74,74,25,3.8,7.6,0.504,0.504,1.6,2.3,0.684,1.1,2.9,4.1,1,0.7,0.4,0.7,1.9,9.2,12.5,0.536,0.305,4.8,13,8.8,5.9,1.3,1.4,7.8,16.2,1.6,1.6,3.2,0.084,-2,0.3,-1.8,0.1,"michaelkiddgilchrist"
"200","Sean Kilpatrick\kilpase01","TOT","SG",52,1,12.3,2.1,5.7,0.374,0.452,1.2,1.4,0.889,0.1,1.6,1.7,0.9,0.3,0.1,0.7,0.6,6.3,11.6,0.507,0.245,0.8,14.2,7.5,11.3,1,0.7,10.4,24.9,-0.2,0.3,0.1,0.008,-2.5,-3.6,-6.1,-0.7,"seankilpatrick"
"201","Maxi Kleber\klebima01","DAL","PF",72,36,16.8,2.1,4.3,0.489,0.553,0.6,0.8,0.746,1,2.3,3.3,0.7,0.4,0.7,0.4,1.6,5.4,13.4,0.576,0.191,6.3,15.6,10.8,6.4,1.1,3.5,8.2,13.7,1.6,1.2,2.8,0.113,-1,1.2,0.2,0.7,"maxikleber"
"202","Kyle Korver\korveky01","CLE","SG",73,4,21.6,3,6.6,0.459,0.628,0.9,1,0.889,0.1,2.1,2.3,1.2,0.4,0.4,0.8,1.8,9.2,13.4,0.652,0.149,0.7,10.9,5.9,8,1,1.5,9.6,16,2.8,0.6,3.4,0.104,2.2,-2,0.1,0.9,"kylekorver"
"203","Kosta Koufos\koufoko01","SAC","C",71,13,19.6,3.1,5.5,0.571,0.571,0.5,1,0.446,2.1,4.5,6.6,1.2,0.7,0.5,0.7,2.1,6.7,17.5,0.566,0.19,11.7,27.6,19.3,9.7,1.7,2.2,10.4,15.2,2.3,1.5,3.9,0.134,-0.8,1.4,0.5,0.9,"kostakoufos"
"204","Kyle Kuzma\kuzmaky01","LAL","PF",77,37,31.2,6.1,13.5,0.45,0.527,1.9,2.7,0.707,1.1,5.1,6.3,1.8,0.6,0.4,1.8,2.1,16.1,14.2,0.549,0.2,3.9,17.4,10.7,9.1,1,1.1,11,22.5,1.5,2.3,3.8,0.077,-0.3,-1,-1.3,0.4,"kylekuzma"
"205","Skal Labissiere\labissk01","SAC","PF",60,28,20.7,3.4,7.6,0.448,0.467,1.6,2,0.805,1.7,3.2,4.8,1.2,0.4,0.8,1.2,2.2,8.7,14.3,0.513,0.258,8.7,18.1,13.2,9.1,1,3.7,12.5,21.1,0.4,1,1.4,0.054,-2.7,0.1,-2.6,-0.2,"skallabissiere"
"206","Jeremy Lamb\lambje01","CHO","SG",80,18,24.6,4.8,10.4,0.457,0.513,2.2,2.6,0.861,0.6,3.4,4.1,2.3,0.8,0.4,1.2,1.7,12.9,17,0.559,0.25,2.7,15.4,8.9,15.4,1.5,1.4,9.1,22.4,3,1.9,4.9,0.12,1.2,-0.2,0.9,1.5,"jeremylamb"
"207","Shane Larkin\larkish01","BOS","PG",54,2,14.4,1.6,4.1,0.384,0.454,0.6,0.7,0.865,0.3,1.4,1.7,1.8,0.5,0.1,0.6,1.1,4.3,10.4,0.491,0.169,2.1,10.7,6.5,18.5,1.9,0.3,12.3,15.5,0.3,1.1,1.4,0.087,-2.3,0.2,-2.1,0,"shanelarkin"
"208","Joffrey Lauvergne\lauvejo01","SAS","C",55,1,9.7,1.8,3.5,0.516,0.516,0.5,0.9,0.638,1.1,2,3.1,0.7,0.2,0.1,0.6,0.8,4.1,16.5,0.536,0.247,13,22.6,17.8,12.2,0.9,0.5,13.5,20.4,0.6,0.7,1.3,0.12,-1.4,-0.1,-1.6,0.1,"joffreylauvergne"
"209","Jake Layman\laymaja01","POR","SF",35,1,4.6,0.4,1.3,0.298,0.34,0.1,0.1,0.667,0.1,0.3,0.5,0.3,0.2,0.1,0.1,0.4,1,4.9,0.352,0.064,2.8,8.1,5.5,9.4,1.9,2,9.4,14.6,-0.3,0.2,-0.1,-0.021,-5.3,0.4,-5,-0.1,"jakelayman"
"210","T.J. Leaf\leaftj01","IND","PF",53,0,8.7,1.2,2.6,0.471,0.537,0.2,0.3,0.625,0.5,1,1.5,0.2,0.1,0.1,0.2,0.8,2.9,10.7,0.545,0.118,7.2,13,10.1,2.8,0.5,0.8,6.5,14.9,0.5,0.3,0.8,0.082,-1.9,-2.9,-4.8,-0.3,"t"
"211","Courtney Lee\leeco01","NYK","SG",76,69,30.4,4.5,9.9,0.454,0.529,1.5,1.6,0.919,0.4,2.6,2.9,2.4,1.1,0.2,1.1,1.4,12,13,0.564,0.164,1.4,9.3,5.4,11.3,1.7,0.6,9.4,16.9,2.7,1.2,3.9,0.082,0.8,-0.7,0,1.2,"courtneylee"
"212","Alex Len\lenal01","PHO","C",69,13,20.2,3.1,5.5,0.566,0.567,2.3,3.3,0.684,2.5,5,7.5,1.2,0.4,0.9,1.1,2.3,8.5,19.4,0.612,0.611,13.2,26.7,19.8,9.1,0.9,3.5,14,17,3.2,1.3,4.5,0.154,-0.3,1.1,0.8,1,"alexlen"
"213","Meyers Leonard\leoname01","POR","C",33,2,7.7,1.4,2.4,0.59,0.66,0.3,0.3,0.818,0.4,1.8,2.1,0.5,0.2,0,0.3,1.1,3.4,17.8,0.676,0.141,5.2,24.7,15,10.6,1.4,0,10.8,16.1,0.7,0.3,1.1,0.2,1.2,-0.2,0.9,0.2,"meyersleonard"
"214","Caris LeVert\leverca01","BRK","SF",71,10,26.3,4.5,10.4,0.435,0.493,1.9,2.6,0.711,0.7,2.9,3.7,4.2,1.2,0.3,2.2,2.2,12.1,14.3,0.525,0.254,3,11.9,7.4,26,2.1,0.9,15.8,22.5,0.7,1.6,2.3,0.059,-0.3,-0.2,-0.5,0.7,"carislevert"
"215","DeAndre Liggins\liggide01","TOT","SG",58,4,12.5,0.7,1.8,0.377,0.467,0,0.1,0.4,0.1,1.2,1.3,0.8,0.6,0.2,0.3,1.4,1.7,6,0.467,0.047,1.1,10.6,5.9,8.4,2.5,1.6,15.6,7.9,-0.2,0.7,0.5,0.034,-3.4,1.2,-2.2,0,"deandreliggins"
"216","Damian Lillard\lillada01","POR","PG",73,73,36.6,8.5,19.4,0.439,0.519,6.8,7.4,0.916,0.8,3.6,4.5,6.6,1.1,0.4,2.8,1.6,26.9,25.2,0.594,0.38,2.6,10.6,6.6,30.9,1.4,0.8,11.1,30.6,9.9,2.7,12.6,0.227,7.7,-1,6.7,5.9,"damianlillard"
"217","Shaun Livingston\livinsh01","GSW","PG",71,7,15.9,2.4,4.8,0.501,0.501,0.7,0.9,0.82,0.5,1.4,1.8,2,0.5,0.3,0.8,1.6,5.5,11.6,0.533,0.178,3.4,9.2,6.5,16.8,1.5,1.5,13.6,16.7,0.9,0.9,1.8,0.077,-2.6,-0.9,-3.5,-0.4,"shaunlivingston"
"218","Kevon Looney\looneke01","GSW","C",66,4,13.8,1.7,2.9,0.58,0.583,0.6,1.2,0.545,1.3,2,3.3,0.6,0.5,0.8,0.5,1.6,4,14.8,0.588,0.399,11,15.2,13.2,6,1.8,4.9,12,12.5,1.5,1.3,2.8,0.145,-0.9,2.1,1.2,0.7,"kevonlooney"
"219","Brook Lopez\lopezbr01","LAL","C",74,72,23.4,5,10.7,0.465,0.536,1.5,2.1,0.703,1,3,4,1.7,0.4,1.3,1.3,2.7,13,16.4,0.557,0.199,4.6,13.4,9,11.6,0.8,4.6,10.2,23.5,1.9,1.9,3.8,0.105,0.3,0.2,0.5,1.1,"brooklopez"
"220","Robin Lopez\lopezro01","CHI","C",64,64,26.4,5.3,10.1,0.53,0.533,1.1,1.4,0.756,2.1,2.4,4.5,1.9,0.2,0.8,1.7,1.7,11.8,14.7,0.552,0.14,8.2,10.3,9.2,12.3,0.4,2.8,13.5,20.4,1.2,0.7,1.9,0.055,-1.7,-0.3,-1.9,0,"robinlopez"
"221","Kevin Love\loveke01","CLE","C",59,59,28,5.7,12.4,0.458,0.552,4,4.5,0.88,1.7,7.5,9.3,1.7,0.7,0.4,1.5,2,17.6,22.4,0.614,0.365,7,29.8,18.6,9.8,1.3,1.2,9.6,25.1,4.7,1.6,6.4,0.185,2.7,-1.5,1.3,1.4,"kevinlove"
"222","Kyle Lowry\lowryky01","TOR","PG",78,78,32.2,5.2,12.1,0.427,0.553,2.9,3.3,0.854,0.8,4.7,5.6,6.9,1.1,0.2,2.3,2.5,16.2,19.5,0.598,0.276,3,16.1,9.7,30.9,1.7,0.6,14.7,21.7,7,3.1,10.2,0.194,5.4,0.5,5.9,5,"kylelowry"
"223","Timothe Luwawu-Cabarrot\luwawti01","PHI","SF",52,7,15.5,1.9,5.1,0.375,0.474,0.9,1.1,0.793,0.3,1.1,1.4,1,0.2,0.1,0.7,1.9,5.8,7,0.511,0.217,1.9,7.5,4.8,9.3,0.7,0.5,11.5,17.5,0.1,0.7,0.8,0.046,-2.3,-2.4,-4.7,-0.5,"timotheluwawucabarrot"
"224","Trey Lyles\lylestr01","DEN","PF",73,2,19.1,3.7,7.5,0.491,0.566,1.4,2,0.697,0.8,4,4.8,1.2,0.4,0.5,0.8,1.5,9.9,17.9,0.59,0.264,4.5,23.5,14,10.1,1.1,2,9,21.1,2.7,1.2,3.9,0.134,0.6,-1.4,-0.8,0.4,"treylyles"
"225","Shelvin Mack\macksh01","ORL","PG",69,3,19.8,2.6,6,0.43,0.488,1,1.4,0.711,0.3,2.1,2.4,3.9,0.8,0.1,1.3,1.3,6.9,13.3,0.518,0.234,1.8,11.6,6.7,29.5,1.9,0.5,16.3,17.6,1,1,2,0.069,-1.2,-1.2,-2.4,-0.1,"shelvinmack"
"226","Ian Mahinmi\mahinia01","WAS","C",77,0,14.9,1.8,3.2,0.556,0.556,1.2,1.7,0.703,1.8,2.3,4.1,0.7,0.5,0.5,1.3,3,4.8,12.2,0.601,0.516,13.4,17.4,15.4,6.6,1.6,3.2,24.7,15.6,0.8,1.4,2.2,0.093,-2.3,1.6,-0.7,0.4,"ianmahinmi"
"227","Thon Maker\makerth01","MIL","C",74,12,16.7,1.8,4.3,0.411,0.46,0.9,1.3,0.699,1,2,3,0.6,0.5,0.7,0.6,2.2,4.8,10.2,0.499,0.294,7.1,14.2,10.6,5.2,1.5,3.7,11,14.6,0.3,1.1,1.5,0.056,-2.7,0,-2.7,-0.2,"thonmaker"
"228","Boban Marjanovic\marjabo01","TOT","C",39,1,8.6,2,3.8,0.534,0.534,2,2.5,0.794,1.2,2.5,3.7,0.6,0.3,0.3,0.9,1.3,6,26,0.616,0.655,15.7,31.4,23.5,11.2,1.5,2.8,15.9,29.4,1,0.5,1.5,0.215,-0.3,-0.3,-0.6,0.1,"bobanmarjanovic"
"229","Lauri Markkanen\markkla01","CHI","PF",68,68,29.7,5.5,12.7,0.434,0.518,2.1,2.4,0.843,1.2,6.3,7.5,1.2,0.6,0.6,1.2,1.5,15.2,15.6,0.552,0.193,4,23.7,13.5,6.4,0.9,1.8,8.2,21.9,1.7,1.6,3.3,0.079,-0.6,-1.3,-1.9,0.1,"laurimarkkanen"
"230","Jarell Martin\martija01","MEM","PF",73,36,22.8,3,6.8,0.446,0.48,1.2,1.6,0.767,1.3,3,4.4,1,0.5,0.7,1.2,2.9,7.7,10.5,0.516,0.234,6.6,15.8,11.1,7,1.2,2.8,13.6,17.1,0.1,1.2,1.3,0.038,-3,0,-3,-0.4,"jarellmartin"
"231","Frank Mason\masonfr01","SAC","PG",52,2,18.9,2.8,7.3,0.379,0.42,1.8,2.2,0.817,0.6,1.9,2.5,2.8,0.7,0.2,1.3,1.4,7.9,13,0.48,0.303,3.3,12.1,7.5,22.7,1.7,1,13.1,22.6,0,0.6,0.5,0.027,-2,-1.4,-3.4,-0.4,"frankmason"
"232","Wesley Matthews\matthwe02","DAL","SF",63,62,33.8,4.5,11.1,0.406,0.516,1.3,1.6,0.822,0.4,2.7,3.1,2.7,1.2,0.3,1.3,2.2,12.7,11.4,0.541,0.145,1.4,9.2,5.2,12.3,1.8,0.7,10.1,17.6,1,1.6,2.6,0.059,0.2,-0.2,0.1,1.1,"wesleymatthews"
"233","Luc Mbah a Moute\mbahalu01","HOU","PF",61,15,25.6,2.7,5.7,0.481,0.572,1.1,1.6,0.684,0.4,2.7,3,0.9,1.2,0.4,1.1,1.6,7.5,10.2,0.595,0.275,1.6,11.7,6.7,5,2.3,1.4,15.1,12.9,0.7,2.1,2.8,0.086,-1.5,1.5,0,0.8,"lucmbahamoute"
"234","Patrick McCaw\mccawpa01","GSW","SG",57,10,16.9,1.6,3.9,0.409,0.451,0.5,0.6,0.765,0.3,1.2,1.4,1.4,0.8,0.2,0.7,1.2,4,7.4,0.477,0.151,2,7.2,4.8,10.6,2.2,0.8,14.6,12.8,-0.3,0.8,0.6,0.029,-2.9,-0.5,-3.4,-0.3,"patrickmccaw"
"235","C.J. McCollum\mccolcj01","POR","SG",81,81,36.1,8.2,18.6,0.443,0.506,2.6,3.1,0.836,0.7,3.3,4,3.4,1,0.4,1.9,2.1,21.4,17,0.536,0.166,2,9.9,6,15.8,1.3,1,8.6,26.5,3.7,2.9,6.6,0.108,1.4,-1,0.4,1.8,"c"
"236","T.J. McConnell\mccontj01","PHI","PG",76,1,22.4,2.8,5.5,0.499,0.531,0.4,0.5,0.795,0.5,2.5,3,4,1.2,0.2,1.5,1.6,6.3,12.5,0.545,0.093,2.4,11.5,7.1,24.5,2.6,0.6,20.4,13.8,1.3,2.5,3.8,0.108,-1.8,1.1,-0.7,0.5,"t"
"237","Doug McDermott\mcderdo01","TOT","SF",81,4,21.8,2.9,6.3,0.467,0.557,0.8,1,0.79,0.5,2,2.5,1,0.2,0.2,0.7,1.5,7.8,10.4,0.579,0.159,2.5,10.2,6.3,6.5,0.5,0.8,9.3,15,1.7,0.6,2.3,0.063,-0.7,-1.7,-2.4,-0.2,"dougmcdermott"
"238","JaVale McGee\mcgeeja01","GSW","C",65,17,9.5,2.1,3.4,0.621,0.621,0.6,0.8,0.731,0.9,1.7,2.6,0.5,0.3,0.9,0.4,1.4,4.8,22.3,0.641,0.237,11.5,18.7,15.4,8,1.6,7.3,10,19.2,1.7,1.1,2.7,0.212,0.4,2.1,2.6,0.7,"javalemcgee"
"239","Ben McLemore\mclembe01","MEM","SG",56,17,19.5,2.8,6.7,0.421,0.495,0.9,1.1,0.828,0.6,1.9,2.5,0.9,0.7,0.3,1.1,2.5,7.5,9.7,0.526,0.172,3.5,11.4,7.4,7.5,1.8,1.3,13.2,19,-0.2,0.7,0.5,0.023,-2.1,-1.4,-3.6,-0.4,"benmclemore"
"240","Jodie Meeks\meeksjo01","WAS","SG",77,0,14.5,2,5.1,0.399,0.491,1.3,1.5,0.863,0.2,1.4,1.6,0.9,0.4,0.1,0.5,0.7,6.3,12.4,0.548,0.298,1.5,11.2,6.4,9.1,1.3,0.3,7.7,19,1.3,0.8,2,0.087,-0.4,-2.5,-2.8,-0.2,"jodiemeeks"
"241","Salah Mejri\mejrisa01","DAL","C",61,1,12,1.4,2.2,0.642,0.642,0.6,1.1,0.576,1.4,2.6,4,0.6,0.4,1.1,0.6,2,3.5,17.8,0.644,0.482,12.5,25.4,18.7,7.2,1.5,8.2,19,12.8,1.3,1.3,2.7,0.175,-2.2,5.3,3.1,0.9,"salahmejri"
"242","Khris Middleton\middlkh01","MIL","SF",82,82,36.4,7.2,15.5,0.466,0.524,3.9,4.4,0.884,0.5,4.7,5.2,4,1.5,0.3,2.3,3.3,20.1,17.4,0.577,0.285,1.8,15,8.4,17.7,2,0.6,11.8,24.6,4.6,2.3,6.9,0.111,1.6,-1.2,0.4,1.8,"khrismiddleton"
"243","C.J. Miles\milescj01","TOR","SF",70,3,19.1,3.2,8.6,0.379,0.516,1.2,1.4,0.835,0.3,1.9,2.2,0.8,0.5,0.3,0.6,1.9,10,13,0.545,0.162,1.5,11,6.4,6,1.4,1.3,5.7,22.3,1.4,1.5,2.9,0.103,1.7,-2.2,-0.5,0.5,"c"
"244","Darius Miller\milleda01","NOP","SF",82,3,23.7,2.6,5.9,0.444,0.594,0.7,0.8,0.866,0.2,1.8,2,1.4,0.3,0.2,0.7,2,7.8,9.3,0.617,0.138,1,7.9,4.6,7.5,0.7,0.7,10.1,12.8,2.1,0.9,3,0.075,0.5,-1.6,-1,0.5,"dariusmiller"
"245","Patty Mills\millspa02","SAS","PG",82,36,25.7,3.4,8.3,0.411,0.523,1.3,1.4,0.89,0.3,1.6,1.9,2.8,0.7,0.1,1.3,1.6,10,11.8,0.558,0.173,1.4,6.8,4.1,16,1.3,0.4,12.6,17.8,2,2.1,4.1,0.093,0.9,-1.3,-0.4,0.9,"pattymills"
"246","Paul Millsap\millspa01","DEN","PF",38,37,30.1,5.3,11.4,0.464,0.509,2.9,4.2,0.696,1.7,4.7,6.4,2.7,1,1.2,1.9,2.6,14.6,17,0.549,0.37,6.4,17.6,12.1,13.6,1.7,3.2,12.6,22,1.4,1.1,2.5,0.106,0,0.7,0.7,0.8,"paulmillsap"
"247","Nikola Mirotic\mirotni01","TOT","PF",55,14,27.2,5.6,12.4,0.447,0.546,2,2.5,0.818,1.1,6.3,7.4,1.5,0.8,0.7,1.1,2,15.6,18.7,0.577,0.2,4.3,24.9,14.6,8.6,1.4,2.2,7.7,23.4,2.2,1.8,4,0.128,1.4,-0.7,0.6,1,"nikolamirotic"
"248","Donovan Mitchell\mitchdo01","UTA","SG",79,71,33.4,7.5,17.2,0.437,0.506,3,3.8,0.805,0.7,3.1,3.7,3.7,1.5,0.3,2.7,2.7,20.5,16.7,0.541,0.218,2.3,10.4,6.4,19.4,2.2,0.9,12.6,29.1,1.4,3.8,5.2,0.095,1.3,-0.2,1.1,2.1,"donovanmitchell"
"249","Malik Monk\monkma01","CHO","SG",63,0,13.6,2.4,6.7,0.36,0.458,0.5,0.6,0.842,0.1,0.9,1,1.4,0.3,0.1,0.8,0.9,6.7,10.3,0.477,0.089,1,7.5,4.2,16.9,1.1,0.9,9.8,24.9,-0.5,0.5,0,0.001,-1,-3.4,-4.4,-0.5,"malikmonk"
"250","Greg Monroe\monrogr01","TOT","C",51,14,20.4,4.3,7.6,0.565,0.565,1.7,2.3,0.739,2.1,4.7,6.9,2.2,0.9,0.5,1.8,1.9,10.3,21.2,0.598,0.308,11.4,25.2,18.3,18.7,2.1,1.8,17.7,22.4,1.8,1.6,3.4,0.155,0.1,2.3,2.4,1.2,"gregmonroe"
"251","E'Twaun Moore\mooreet01","NOP","SG",82,80,31.5,5.2,10.1,0.508,0.585,0.6,0.8,0.706,0.7,2.2,2.9,2.3,1,0.1,1.2,2.2,12.5,12.1,0.593,0.082,2.5,7.3,5,10.1,1.5,0.4,10.6,16.1,2.8,1.6,4.4,0.081,0.6,-0.8,-0.2,1.2,"etwaunmoore"
"252","Eric Moreland\moreler01","DET","PF",67,3,12,1,1.8,0.541,0.541,0.2,0.4,0.379,1.2,2.9,4.1,1.2,0.5,0.8,0.6,1.7,2.1,13.9,0.531,0.238,10.9,27.6,19.1,13.3,1.9,5.6,23.8,9.7,0.7,1.6,2.3,0.135,-3.1,5.8,2.6,0.9,"ericmoreland"
"253","Marcus Morris\morrima03","BOS","PF",54,21,26.8,4.9,11.3,0.429,0.499,2.3,2.9,0.805,0.8,4.6,5.4,1.3,0.6,0.2,1.2,1.9,13.6,14.5,0.541,0.252,3.3,18.4,10.9,8.1,1.2,0.7,8.7,23,1.1,2.2,3.2,0.108,-1,-0.6,-1.7,0.1,"marcusmorris"
"254","Markieff Morris\morrima02","WAS","PF",73,73,27,4.5,9.4,0.48,0.536,1.4,1.8,0.82,1,4.6,5.6,1.9,0.8,0.5,1.7,3,11.5,13.2,0.566,0.186,4.3,19.2,11.8,11,1.4,1.7,14.6,19.5,1.2,2.1,3.3,0.08,-1,0.5,-0.5,0.7,"markieffmorris"
"255","Timofey Mozgov\mozgoti01","BRK","C",31,13,11.6,1.7,3,0.559,0.581,0.7,1,0.767,1,2.1,3.2,0.4,0.2,0.4,1.1,1.3,4.2,12.3,0.617,0.323,9.4,19.7,14.5,4.8,0.7,2.7,23.7,16.8,0.1,0.3,0.4,0.055,-3.8,-0.3,-4.1,-0.2,"timofeymozgov"
"256","Emmanuel Mudiay\mudiaem01","TOT","PG",64,14,19.5,3.2,8.2,0.388,0.433,1.5,2,0.76,0.4,2,2.4,3.2,0.6,0.2,1.8,1.3,8.6,11.5,0.474,0.245,2.3,11.3,6.8,24.5,1.6,0.8,16.2,24.3,-0.7,0.7,0,-0.002,-2.6,-2.1,-4.7,-0.9,"emmanuelmudiay"
"257","Shabazz Muhammad\muhamsh01","TOT","SF-SG",43,2,9.7,2,4.4,0.447,0.465,0.9,1.2,0.78,0.5,1.2,1.8,0.3,0.2,0.1,0.1,0.7,5,15.4,0.51,0.266,6.3,14.8,10.6,5.7,1.1,0.6,2.8,23,0.5,0.2,0.7,0.081,-1.8,-4.1,-5.9,-0.4,"shabazzmuhammad"
"258","Dejounte Murray\murrade01","SAS","PG",81,48,21.5,3.3,7.5,0.443,0.451,1.3,1.8,0.709,1.4,4.3,5.7,2.9,1.2,0.4,1.7,1.9,8.1,15.1,0.485,0.243,7,22.4,14.6,20.2,2.8,1.5,16.6,20.7,-0.2,3.4,3.2,0.087,-2.2,3.4,1.2,1.4,"dejountemurray"
"259","Jamal Murray\murraja01","DEN","PG",81,80,31.7,5.9,13.1,0.451,0.529,2.8,3.1,0.905,1,2.7,3.7,3.4,1,0.3,2.1,2.1,16.7,16.1,0.576,0.238,3.6,9.4,6.5,16.4,1.5,0.9,12.8,22.8,4.3,1.2,5.5,0.103,1.8,-2,-0.2,1.2,"jamalmurray"
"260","Mike Muscala\muscami01","ATL","C",53,7,20,2.7,5.9,0.458,0.558,1.1,1.2,0.919,1.1,3.3,4.3,1,0.6,0.5,0.8,1.5,7.6,14.4,0.597,0.199,5.9,18.3,12.1,7.3,1.4,2.2,11,15.7,1.5,0.9,2.4,0.11,0,0.2,0.2,0.6,"mikemuscala"
"261","Abdel Nader\naderab01","BOS","SF",48,1,10.9,1,3.1,0.336,0.413,0.5,0.8,0.59,0.3,1.2,1.5,0.5,0.3,0.2,0.7,0.9,3,5.1,0.439,0.262,2.8,12,7.4,7.1,1.4,1.6,17,17.1,-0.9,0.8,-0.1,-0.014,-5.9,0.3,-5.6,-0.5,"abdelnader"
"262","Larry Nance\nancela02","TOT","C",66,27,21.5,3.6,6.3,0.581,0.584,1.4,2.1,0.664,2.4,4.4,6.8,1.2,1.3,0.6,0.8,2.6,8.7,20.2,0.605,0.332,12.4,22,17.3,8.6,3,2.2,9.7,15.9,3.6,2.3,5.8,0.196,0.9,2.4,3.3,1.9,"larrynance"
"263","Shabazz Napier\napiesh01","POR","PG",74,10,20.7,3,7.2,0.42,0.497,1.6,1.9,0.841,0.4,1.9,2.3,2,1.1,0.2,1.2,1.1,8.7,14.2,0.544,0.26,1.9,10.1,6,14.6,2.6,0.7,13.2,19.5,1.2,2,3.2,0.101,-0.2,0.3,0.2,0.8,"shabazznapier"
"264","Jameer Nelson\nelsoja01","TOT","PG",50,0,20.3,1.9,4.9,0.389,0.473,0.3,0.4,0.8,0.3,1.8,2.1,3.6,0.5,0.1,1.3,1.6,4.9,8.1,0.489,0.082,1.4,9.5,5.6,22.8,1.3,0.3,21,13.7,-0.1,0.7,0.6,0.028,-2.6,-1.5,-4,-0.5,"jameernelson"
"265","Raul Neto\netora01","UTA","PG",41,0,12.1,1.7,3.7,0.457,0.52,0.6,0.9,0.743,0.2,1,1.2,1.8,0.3,0.1,0.9,0.9,4.5,11.9,0.55,0.232,1.6,9.5,5.6,23,1.3,0.7,17.8,18.3,0.3,0.6,0.9,0.086,-2.1,-1.1,-3.2,-0.1,"raulneto"
"266","Nerlens Noel\noelne01","DAL","C",30,6,15.7,1.8,3.5,0.524,0.524,0.7,0.9,0.75,1.6,4,5.6,0.7,1,0.7,0.9,2,4.4,16.2,0.558,0.267,10.9,29.3,19.8,6.3,3.3,4.1,18.1,13.8,0.4,1,1.3,0.135,-3.5,4.5,1,0.4,"nerlensnoel"
"267","Lucas Nogueira\noguelu01","TOR","C",49,3,8.5,1,1.6,0.613,0.644,0.4,0.6,0.679,0.4,1.4,1.8,0.4,0.5,0.9,0.3,1,2.5,17.3,0.661,0.35,4.9,18.1,11.7,7.2,2.7,8.2,14.8,11.4,0.7,1,1.6,0.188,-0.7,6.2,5.4,0.8,"lucasnogueira"
"268","Dirk Nowitzki\nowitdi01","DAL","C",77,77,24.7,4.5,9.8,0.456,0.547,1.3,1.4,0.898,0.3,5.4,5.7,1.6,0.6,0.6,0.7,1.9,12,16.7,0.575,0.142,1.2,25.2,12.8,10.4,1.1,2.1,6,20.5,2.6,2.2,4.8,0.121,0.1,0.3,0.3,1.1,"dirknowitzki"
"269","Frank Ntilikina\ntilila01","NYK","PG",78,9,21.9,2.3,6.4,0.364,0.414,0.6,0.9,0.721,0.5,1.8,2.3,3.2,0.8,0.2,1.7,2.3,5.9,7,0.437,0.136,2.4,9.1,5.8,20,1.9,0.9,19.8,16.9,-2,1.1,-0.9,-0.026,-3.5,-0.5,-3.9,-0.8,"frankntilikina"
"270","Jusuf Nurkic\nurkiju01","POR","C",79,79,26.4,6.1,12,0.505,0.505,2.2,3.5,0.63,2.4,6.6,9,1.8,0.8,1.4,2.3,3.1,14.3,19.2,0.528,0.287,10,26.9,18.5,11.7,1.5,4.3,14.6,26.4,0.8,3.9,4.7,0.108,-2.6,2.8,0.3,1.2,"jusufnurkic"
"271","David Nwaba\nwabada01","CHI","SG",70,21,23.5,2.9,6,0.478,0.499,1.9,2.9,0.655,1.3,3.4,4.7,1.5,0.8,0.4,1.1,2.3,7.9,12.2,0.542,0.48,5.6,16,10.6,9.4,1.7,1.6,13.1,15.6,1.1,1.4,2.4,0.071,-2.5,0.9,-1.6,0.1,"davidnwaba"
"272","Johnny O'Bryant\obryajo01","CHO","PF",36,0,10.5,1.9,4.8,0.398,0.439,0.6,0.7,0.84,0.8,1.8,2.6,0.4,0.3,0.2,0.4,1.3,4.8,11.9,0.47,0.146,8.1,18.6,13.3,5.9,1.2,1.3,7.6,22.5,-0.1,0.4,0.3,0.038,-3.2,-2,-5.3,-0.3,"johnnyobryant"
"273","Royce O'Neale\onealro01","UTA","SF",69,4,16.7,1.7,4.1,0.423,0.496,0.9,1.1,0.803,0.4,3.1,3.4,1.4,0.5,0.2,0.8,1.5,5,10.8,0.54,0.268,2.5,20.6,11.7,12,1.6,1.2,14.8,14.6,0.5,1.8,2.4,0.099,-2.4,1.7,-0.6,0.4,"royceoneale"
"274","Kyle O'Quinn\oquinky01","NYK","C",77,10,18,2.9,5,0.582,0.587,1.3,1.6,0.772,1.6,4.5,6.1,2.1,0.5,1.3,1.3,2.5,7.1,20,0.624,0.33,9.7,27.8,18.8,16.8,1.3,6.1,18.5,17,2.7,2.1,4.8,0.166,0.2,4.3,4.5,2.3,"kyleoquinn"
"275","Semi Ojeleye\ojelese01","BOS","PF",73,0,15.8,0.9,2.6,0.346,0.452,0.3,0.6,0.61,0.5,1.7,2.2,0.3,0.3,0.1,0.3,1.2,2.7,4.6,0.473,0.218,3.6,11.6,7.7,2.4,0.9,0.3,10.8,9,-0.2,1.3,1.2,0.048,-3.6,0.1,-3.5,-0.4,"semiojeleye"
"276","Emeka Okafor\okafoem01","NOP","C",26,19,13.6,1.8,3.7,0.505,0.505,0.7,0.8,0.818,1.8,2.8,4.6,0.3,0.3,1,0.5,1.2,4.4,16.4,0.545,0.232,14.9,21.7,18.4,3.1,1.1,5.6,11,14.4,0.5,0.5,1,0.14,-2.6,1.3,-1.3,0.1,"emekaokafor"
"277","Jahlil Okafor\okafoja01","TOT","C",28,0,12.6,2.8,4.9,0.558,0.562,0.8,1,0.724,0.8,2.3,3,0.4,0.1,0.6,0.8,1.8,6.3,15.3,0.584,0.21,6.3,19.4,12.8,5.9,0.4,3.9,12.2,21,0.3,0.3,0.6,0.083,-3.7,-0.8,-4.5,-0.2,"jahlilokafor"
"278","Victor Oladipo\oladivi01","IND","SG",75,75,34,8.5,17.9,0.477,0.537,3.9,4.9,0.799,0.6,4.6,5.2,4.3,2.4,0.8,2.9,2.3,23.1,23.1,0.577,0.274,2.1,15.1,8.6,21.2,3.5,2,12.7,30.1,4.3,4,8.3,0.155,3.6,1.3,4.9,4.5,"victoroladipo"
"279","Kelly Olynyk\olynyke01","MIA","PF",76,22,23.4,4.2,8.4,0.497,0.58,1.8,2.3,0.77,1.2,4.5,5.7,2.7,0.8,0.5,1.9,2.9,11.5,17.8,0.612,0.274,5.6,21.6,13.6,18.7,1.7,1.7,17.1,21.7,2.8,2.7,5.5,0.148,1.6,1.3,2.9,2.2,"kellyolynyk"
"280","Cedi Osman\osmande01","CLE","SF",61,12,11,1.5,3,0.484,0.57,0.4,0.8,0.565,0.3,1.7,2,0.7,0.4,0,0.5,1.3,3.9,11,0.577,0.247,3.2,16.6,10,8.7,1.6,0.4,13.4,15.7,0.5,0.4,0.9,0.064,-1.4,-1.5,-2.9,-0.2,"cediosman"
"281","Kelly Oubre\oubreke01","WAS","SF",81,11,27.5,3.9,9.8,0.403,0.482,2.4,2.9,0.82,0.7,3.8,4.5,1.2,1,0.4,1.1,2.9,11.8,11.9,0.534,0.295,3,15.4,9.2,6.4,1.8,1.4,9.2,19.4,1.4,2.3,3.7,0.08,-0.8,-0.4,-1.2,0.4,"kellyoubre"
"282","Zaza Pachulia\pachuza01","GSW","C",69,57,14.1,2.2,3.8,0.564,0.564,1.1,1.3,0.806,1.3,3.4,4.7,1.6,0.6,0.2,1,1.8,5.4,17,0.612,0.352,11,25,18.5,15.2,1.9,1.4,19.1,17,1.8,1.4,3.3,0.161,-0.5,1.3,0.8,0.7,"zazapachulia"
"283","Jabari Parker\parkeja01","MIL","PF",31,3,24,5.2,10.7,0.482,0.529,1.3,1.7,0.741,1.4,3.5,4.9,1.9,0.8,0.3,1.5,1.6,12.6,17.1,0.55,0.163,6.6,17.1,11.9,13.1,1.7,1.2,11.2,24.4,0.6,0.6,1.2,0.08,-0.2,-1.6,-1.8,0,"jabariparker"
"284","Tony Parker\parketo01","SAS","PG",55,21,19.5,3.2,7.1,0.459,0.472,1,1.4,0.705,0.1,1.6,1.7,3.5,0.5,0,1.2,0.9,7.7,12.7,0.498,0.201,0.7,9.2,4.9,28.2,1.3,0.1,13.9,20.5,0.4,1.1,1.4,0.065,-2.4,-1.7,-4.1,-0.6,"tonyparker"
"285","Chandler Parsons\parsoch01","MEM","SF",36,8,19.2,3,6.5,0.462,0.571,0.5,0.8,0.63,0.4,2.1,2.5,1.9,0.5,0.3,1,1.5,7.9,13.6,0.578,0.115,2.3,13,7.5,16.4,1.3,1.5,12.5,18.3,0.7,0.4,1.1,0.077,0.4,-1.6,-1.2,0.1,"chandlerparsons"
"286","Patrick Patterson\pattepa01","OKC","PF",82,3,15.5,1.3,3.2,0.398,0.523,0.5,0.6,0.87,0.4,2,2.4,0.7,0.6,0.3,0.4,1.1,3.9,10,0.555,0.173,2.7,14.6,8.4,6.1,1.9,1.6,10.3,10.8,1.2,1.4,2.6,0.098,-1.6,0.3,-1.3,0.2,"patrickpatterson"
"287","Brandon Paul\paulbr01","SAS","SG",64,2,9,0.9,2,0.433,0.492,0.3,0.7,0.512,0.1,1,1.1,0.6,0.4,0.1,0.5,0.9,2.3,7.5,0.504,0.339,1.1,12,6.5,9,2.2,1,16.6,13.6,-0.3,0.8,0.5,0.044,-3.6,0.9,-2.8,-0.1,"brandonpaul"
"288","Chris Paul\paulch01","HOU","PG",58,58,31.8,6.3,13.8,0.46,0.55,3.5,3.8,0.919,0.6,4.8,5.4,7.9,1.7,0.2,2.2,2.4,18.6,24.4,0.604,0.277,2.3,16.7,9.5,40.9,2.6,0.6,12.5,24.5,7.5,2.7,10.2,0.265,6.2,0.9,7.1,4.3,"chrispaul"
"289","Elfrid Payton\paytoel01","TOT","PG",63,63,28.7,5.2,10.6,0.493,0.516,1.7,2.7,0.649,1,3.3,4.3,6.2,1.3,0.3,2.7,2.3,12.7,16.5,0.538,0.252,3.8,12.8,8.2,34.9,2.2,1,18.5,21.9,1.4,1.4,2.8,0.075,0.1,0,0.1,1,"elfridpayton"
"290","Mason Plumlee\plumlma01","DEN","C",74,26,19.4,3,5,0.601,0.601,1.1,2.4,0.456,1.8,3.6,5.4,1.9,0.7,1.1,1.4,2.5,7.1,16.9,0.586,0.489,10.4,20.9,15.6,14.4,1.7,4.7,18.7,16.6,1.8,1.8,3.6,0.12,-0.9,2.7,1.8,1.4,"masonplumlee"
"291","Miles Plumlee\plumlmi01","ATL","C",55,35,16.7,1.9,3.3,0.583,0.583,0.5,1.1,0.45,1.4,2.7,4.1,0.8,0.3,0.5,1.1,1.4,4.3,10.6,0.574,0.333,9.4,18.3,13.9,7.2,0.9,2.8,23.4,12.8,0.1,0.7,0.9,0.046,-3.8,1.3,-2.5,-0.1,"milesplumlee"
"292","Jakob Poeltl\poeltja01","TOR","C",82,0,18.6,3.1,4.7,0.659,0.66,0.7,1.2,0.594,2,2.8,4.8,0.7,0.5,1.2,1,2.6,6.9,17.5,0.662,0.263,12.4,16.4,14.4,5.4,1.3,5.2,16.6,14.8,3.1,2.4,5.6,0.176,0.4,2.9,3.3,2,"jakobpoeltl"
"293","Otto Porter\porteot01","WAS","SF",77,77,31.6,5.8,11.5,0.503,0.581,1.4,1.7,0.828,1.3,5.1,6.4,2,1.5,0.5,1,2,14.7,18.3,0.602,0.145,4.8,18.1,11.4,10.1,2.4,1.5,7.4,18.4,5,3.1,8.1,0.161,2.4,1.2,3.6,3.4,"ottoporter"
"294","Bobby Portis\portibo01","CHI","PF",73,4,22.5,5.2,11.1,0.471,0.52,1.6,2.1,0.769,2.2,4.6,6.8,1.7,0.7,0.3,1.4,1.8,13.2,19.7,0.548,0.192,10,23,16.2,13.2,1.5,1.3,10.5,26,2,1.5,3.5,0.101,1,-0.6,0.3,1,"bobbyportis"
"295","Kristaps Porzingis\porzikr01","NYK","PF",48,48,32.4,8.1,18.5,0.439,0.489,4.5,5.7,0.793,1.3,5.3,6.6,1.2,0.8,2.4,1.9,2.9,22.7,20.4,0.539,0.309,4.4,18.1,11.3,6.2,1.1,6.4,8.4,31,1.4,1.8,3.2,0.099,-0.5,-0.2,-0.7,0.5,"kristapsporzingis"
"296","Dwight Powell\poweldw01","DAL","C",79,25,21.2,3.2,5.4,0.593,0.626,1.7,2.3,0.719,1.7,3.9,5.6,1.2,0.8,0.4,0.7,2.4,8.5,18.8,0.656,0.43,8.7,21.3,14.7,8.5,2,1.7,10.3,15.5,4.6,2.1,6.6,0.191,1.1,1.6,2.7,2,"dwightpowell"
"297","Norman Powell\powelno01","TOR","SG",70,18,15.2,2.1,5.3,0.401,0.472,0.5,0.6,0.821,0.2,1.5,1.7,1.3,0.5,0.2,0.9,1.6,5.5,8.5,0.492,0.104,1.5,10.9,6.3,11.8,1.7,1.2,14.4,18.9,-0.6,1.2,0.6,0.027,-2.5,-0.4,-2.8,-0.2,"normanpowell"
"298","Ivan Rabb\rabbiv01","MEM","PF",36,5,14.3,2.4,4.2,0.566,0.566,0.8,1,0.806,1.5,2.9,4.4,0.9,0.3,0.4,1,1.5,5.6,16.6,0.599,0.237,11.6,24.1,17.7,10.4,1.2,2.4,17.3,17.7,0.7,0.5,1.2,0.109,-1.7,0.3,-1.5,0.1,"ivanrabb"
"299","Julius Randle\randlju01","LAL","C",82,49,26.7,6.1,11,0.558,0.563,3.7,5.2,0.718,2.2,5.8,8,2.6,0.5,0.5,2.6,3.3,16.1,19.9,0.606,0.47,8.9,22.8,15.9,15.8,0.9,1.7,16.3,25.3,4,2.6,6.6,0.145,0.4,0.6,0.9,1.6,"juliusrandle"
"300","Zach Randolph\randoza01","SAC","PF",59,57,25.6,6.1,12.9,0.473,0.507,1.4,1.8,0.785,1.6,5.1,6.7,2.2,0.7,0.2,2,2,14.5,17.3,0.529,0.14,7,23.7,15,14.9,1.4,0.6,12.5,27.6,0.3,1.2,1.5,0.048,-0.6,-1.2,-1.8,0.1,"zachrandolph"
"301","J.J. Redick\redicjj01","PHI","SG",70,70,30.2,5.8,12.6,0.46,0.569,2.8,3.1,0.904,0.1,2.4,2.5,3,0.5,0.1,1.5,1.8,17.1,15.9,0.614,0.248,0.5,8.3,4.5,15.1,0.8,0.2,9.6,21.7,4.8,1.8,6.6,0.15,2.6,-2.6,0,1.1,"j"
"302","Willie Reed\reedwi02","TOT","C",42,5,10.2,1.9,2.9,0.669,0.674,0.8,1.3,0.582,0.8,2,2.9,0.2,0.2,0.5,0.5,1.3,4.6,19.2,0.671,0.455,9.1,21.8,15.5,3.6,1,4.3,11.6,16.6,1,0.5,1.5,0.172,-0.8,-0.1,-0.9,0.1,"williereed"
"303","Josh Richardson\richajo01","MIA","SF",81,81,33.2,4.9,10.9,0.451,0.523,1.5,1.8,0.845,0.9,2.7,3.5,2.9,1.5,0.9,1.7,2.5,12.9,13.6,0.551,0.16,2.9,9,6,13.2,2.3,2.4,12.9,18.2,1.8,3.5,5.4,0.096,-0.1,1.5,1.4,2.3,"joshrichardson"
"304","Malachi Richardson\richama01","TOT","SG",26,4,12.5,1.2,3.5,0.333,0.4,0.7,0.8,0.773,0.2,1.1,1.3,0.5,0.4,0,0.4,1,3.4,5.9,0.446,0.244,1.7,10.6,6,5.6,1.6,0.3,9.1,15.2,-0.2,0.1,-0.1,-0.015,-4.3,-2.1,-6.4,-0.4,"malachirichardson"
"305","Austin Rivers\riverau01","LAC","SG",61,59,33.7,5.6,13.2,0.424,0.508,1.7,2.6,0.642,0.4,1.9,2.4,4,1.2,0.3,1.8,2.5,15.1,12.6,0.526,0.198,1.5,6.2,3.9,17.5,1.7,0.6,11.1,20.6,1.4,1,2.4,0.056,0.8,-1.7,-0.9,0.6,"austinrivers"
"306","Andre Roberson\roberan03","OKC","SG",39,39,26.6,2.2,4.2,0.537,0.562,0.3,1,0.316,1.9,2.8,4.7,1.2,1.2,0.9,0.8,2.3,5,10.9,0.543,0.235,7.8,12.2,9.9,6,2.2,3.1,14.4,8.6,0.8,1.3,2.2,0.1,-1.3,2.8,1.5,0.9,"andreroberson"
"307","Rajon Rondo\rondora01","NOP","PG",65,63,26.2,3.6,7.6,0.468,0.518,0.4,0.7,0.543,0.5,3.6,4,8.2,1.1,0.2,2.3,1.8,8.3,15.3,0.522,0.093,2,14.2,8.4,42.2,2,0.5,22.7,16.9,1.9,1.7,3.6,0.101,-0.4,-0.7,-1.1,0.4,"rajonrondo"
"308","Terry Rozier\roziete01","BOS","PG",80,16,25.9,4,10,0.395,0.491,1.4,1.9,0.772,0.8,3.9,4.7,2.9,1,0.2,1,1.5,11.3,15.1,0.52,0.186,3.4,16.3,9.9,17.5,1.9,0.8,8.5,20.4,2.2,3.4,5.6,0.13,0.8,1,1.8,2,"terryrozier"
"309","Ricky Rubio\rubiori01","UTA","PG",77,77,29.3,4.5,10.7,0.418,0.476,2.9,3.3,0.866,0.6,4,4.6,5.3,1.6,0.1,2.7,2.7,13.1,15.4,0.537,0.307,2.2,15.3,8.8,28.4,2.7,0.4,18.1,22.9,1.5,3.8,5.3,0.112,0.1,1.6,1.7,2.1,"rickyrubio"
"310","D'Angelo Russell\russeda01","BRK","PG",48,35,25.7,5.8,14,0.414,0.481,2,2.7,0.74,0.6,3.3,3.9,5.2,0.8,0.4,3.1,1.9,15.5,15.2,0.509,0.195,2.6,13.8,8.1,35.7,1.4,1,16.8,30.8,-0.5,0.9,0.4,0.014,0.8,-1.2,-0.4,0.5,"dangelorussell"
"311","Domantas Sabonis\sabondo01","IND","C",74,19,24.5,4.6,8.9,0.514,0.524,2.3,3,0.75,2.2,5.5,7.7,2,0.5,0.4,1.9,3,11.6,17.5,0.567,0.339,10.4,25.2,17.8,12.7,1.1,1.6,15.3,22.1,2.5,2.2,4.7,0.126,-0.8,0.5,-0.2,0.8,"domantassabonis"
"312","Dario Saric\saricda01","PHI","PF",78,73,29.6,5.2,11.4,0.453,0.541,2.3,2.7,0.86,2,4.7,6.7,2.6,0.7,0.3,1.9,2.1,14.6,15.8,0.582,0.233,7.5,16.4,12.1,13,1.1,0.7,13.1,20.9,3.8,2.8,6.6,0.137,1.6,-0.2,1.4,2,"dariosaric"
"313","Tomas Satoransky\satorto01","WAS","SG",73,30,22.5,2.8,5.3,0.523,0.585,1,1.3,0.781,1,2.2,3.2,3.9,0.7,0.2,1.1,1.8,7.2,15.4,0.615,0.25,5,11.1,8,24.8,1.6,0.8,16.3,13.7,3.7,1.3,5,0.145,1.3,-0.2,1.1,1.3,"tomassatoransky"
"314","Dennis Schroder\schrode01","ATL","PG",67,67,31,7.5,17.1,0.436,0.469,3.4,4,0.849,0.7,2.4,3.1,6.2,1.1,0.1,2.7,2.2,19.4,17.3,0.515,0.231,2.4,8.8,5.6,36.2,1.7,0.2,12.7,30.4,1.5,1,2.6,0.059,1.5,-2.2,-0.7,0.7,"dennisschroder"
"315","Mike Scott\scottmi01","WAS","PF",76,1,18.5,3.6,6.9,0.527,0.59,0.7,1,0.658,0.7,2.6,3.3,1.1,0.3,0.1,1,1.9,8.8,13.7,0.599,0.145,4,15.8,9.9,9.1,0.8,0.6,12.4,20,1.4,1,2.5,0.085,-0.5,-1.8,-2.3,-0.1,"mikescott"
"316","Thabo Sefolosha\sefolth01","UTA","SF",38,6,21.2,3.1,6.3,0.492,0.558,1.2,1.4,0.815,0.8,3.5,4.2,0.9,1.4,0.3,0.8,1.6,8.2,15.8,0.591,0.225,4.1,18.4,11.3,6.3,3.2,1.3,10.2,16.4,1,1.6,2.6,0.156,-0.3,2.3,1.9,0.8,"thabosefolosha"
"317","Wayne Selden\seldewa01","MEM","SG",35,9,19.8,3.3,7.7,0.431,0.522,1.3,1.7,0.746,0.5,1.1,1.6,1.9,0.5,0.1,1.5,1.7,9.3,11.8,0.551,0.219,2.6,6.8,4.7,16,1.3,0.7,15.5,22.6,0.1,0.2,0.3,0.023,-0.7,-3.3,-4,-0.4,"wayneselden"
"318","Ramon Sessions\sessira01","TOT","PG",28,3,14,1.5,4.2,0.359,0.393,1.6,2,0.772,0.2,1.1,1.4,2.8,0.5,0.1,1.1,1,4.9,11.2,0.479,0.487,1.7,9.1,5.4,27.2,1.8,0.4,17.4,19.3,0.1,0.3,0.3,0.039,-3,-2.2,-5.2,-0.3,"ramonsessions"
"319","Pascal Siakam\siakapa01","TOR","PF",81,5,20.7,3.1,6.1,0.508,0.537,0.7,1.1,0.621,1,3.5,4.5,2,0.8,0.5,0.8,2,7.3,14.5,0.549,0.175,5.4,18.6,12.1,13.5,1.8,2,11.1,15.7,2.1,2.5,4.7,0.133,0,2.2,2.1,1.7,"pascalsiakam"
"320","Ben Simmons\simmobe01","PHI","PG",81,81,33.7,6.7,12.3,0.545,0.545,2.4,4.2,0.56,1.8,6.3,8.1,8.2,1.7,0.9,3.4,2.6,15.8,20,0.557,0.342,5.9,19.5,13,37.4,2.5,2.1,19.5,22.3,4.2,5,9.2,0.162,1,3.6,4.6,4.6,"bensimmons"
"321","Jonathon Simmons\simmojo02","ORL","SG",69,50,29.4,5.1,11,0.465,0.511,2.7,3.5,0.768,0.9,2.6,3.5,2.5,0.8,0.2,2.1,2.5,13.9,12.7,0.555,0.317,3.3,9.7,6.5,13.3,1.4,0.6,14.4,22,0.8,1.1,1.9,0.045,-1,-1.3,-2.3,-0.2,"jonathonsimmons"
"322","Kobi Simmons\simmoko01","MEM","PG",32,12,20.1,2.5,5.9,0.423,0.452,0.8,0.8,1,0.4,1.1,1.6,2.1,0.6,0.2,1.4,1.9,6.1,7.7,0.49,0.132,2.5,6.6,4.5,16.5,1.4,0.7,18,17,-0.4,0.2,-0.2,-0.013,-3.9,-2.1,-6,-0.6,"kobisimmons"
"323","Marcus Smart\smartma01","BOS","SG",54,11,29.9,3.5,9.5,0.367,0.44,1.8,2.5,0.729,0.8,2.7,3.5,4.8,1.3,0.4,2.4,2.5,10.2,10.8,0.479,0.258,3,9.8,6.4,23.7,2.2,1.2,18.4,19.4,-0.6,2.5,1.9,0.056,-1.6,1.1,-0.5,0.6,"marcussmart"
"324","Dennis Smith\smithde03","DAL","PG",69,69,29.7,5.9,14.8,0.395,0.447,1.9,2.8,0.694,0.7,3,3.8,5.2,1,0.3,2.8,2.2,15.2,12.8,0.473,0.189,2.6,11.8,7,29.5,1.7,0.8,15,28.9,-2.4,1.7,-0.7,-0.017,-1.5,-0.7,-2.3,-0.1,"dennissmith"
"325","Ish Smith\smithis01","DET","PG",82,35,24.9,4.7,9.8,0.486,0.507,1,1.4,0.698,0.3,2.4,2.7,4.4,0.8,0.2,1.3,1.7,10.9,15.4,0.525,0.145,1.4,10.9,6.1,28.4,1.6,0.9,11.2,20.8,2.4,2,4.4,0.102,-0.6,-0.6,-1.2,0.4,"ishsmith"
"326","J.R. Smith\smithjr01","CLE","SG",80,61,28.1,3,7.4,0.403,0.524,0.5,0.7,0.696,0.4,2.6,2.9,1.8,0.9,0.1,1,2,8.3,8.5,0.534,0.094,1.5,10.1,5.9,8.6,1.5,0.4,11.6,13.8,0.6,0.9,1.4,0.031,-0.6,-1,-1.7,0.2,"j"
"327","Jason Smith\smithja02","WAS","C",33,2,8.6,1.4,3.5,0.391,0.409,0.6,0.6,0.905,0.5,1.1,1.6,0.4,0.1,0.4,0.5,1.3,3.4,8.8,0.455,0.183,7.2,13.9,10.5,7.4,0.5,4,11.4,21.7,-0.2,0.3,0,0.003,-4.8,-1.1,-6,-0.3,"jasonsmith"
"328","Tony Snell\snellto01","MIL","SG",75,59,27.4,2.5,5.7,0.435,0.562,0.5,0.6,0.792,0.1,1.8,1.9,1.3,0.6,0.4,0.5,1.5,6.9,8.5,0.578,0.113,0.5,7.5,4,6.5,1.1,1.2,7.5,10.6,1.6,0.7,2.4,0.056,-0.5,-1.3,-1.8,0.1,"tonysnell"
"329","Marreese Speights\speigma01","ORL","C",52,3,13,2.7,6.7,0.395,0.519,0.8,1.1,0.727,0.4,2.2,2.6,0.8,0.2,0.4,0.8,2.1,7.7,13.7,0.539,0.158,3.4,18.4,10.8,9.8,0.6,2.6,9.7,26.9,0.1,0.5,0.6,0.045,0.2,-2.9,-2.8,-0.1,"marreesespeights"
"330","Nik Stauskas\stausni01","TOT","SG",41,0,12.8,1.5,3.8,0.39,0.519,0.5,0.7,0.724,0.1,1.5,1.6,1,0.2,0.1,0.6,0.6,4.4,9,0.543,0.188,0.8,12.3,6.5,11.1,0.8,0.6,13.5,15.9,0.1,0.3,0.3,0.031,-2.1,-1.8,-4,-0.3,"nikstauskas"
"331","Lance Stephenson\stephla01","IND","SG",82,7,22.6,3.7,8.6,0.427,0.475,1,1.5,0.661,0.8,4.4,5.2,2.9,0.6,0.2,1.6,2.2,9.2,12.4,0.495,0.179,3.8,22,12.9,18.6,1.2,0.8,14.7,21.6,-0.3,2,1.8,0.045,-2,-0.1,-2.1,0,"lancestephenson"
"332","Caleb Swanigan\swanica01","POR","PF",27,3,7,0.9,2.2,0.4,0.408,0.4,0.7,0.667,0.6,1.4,2,0.5,0.2,0.1,0.7,1.4,2.3,7.5,0.449,0.3,8.7,22.3,15.6,10.8,1.3,1.3,20.9,20,-0.3,0.3,0,-0.003,-6,0.6,-5.4,-0.2,"calebswanigan"
"333","Jayson Tatum\tatumja01","BOS","SF",80,80,30.5,5,10.4,0.475,0.538,2.7,3.2,0.826,0.6,4.4,5,1.6,1,0.7,1.4,2.1,13.9,15.3,0.586,0.309,2.3,15.6,9,8.3,1.7,2,10.7,19.5,3,4,7.1,0.139,-0.5,1.5,1,1.8,"jaysontatum"
"334","Isaiah Taylor\taylois01","ATL","PG",67,9,17.4,2.4,5.8,0.418,0.444,1.5,2.1,0.702,0.3,1.1,1.4,3.1,0.5,0.1,1.3,1.7,6.6,10.9,0.492,0.362,2.1,6.9,4.5,27,1.4,0.7,15.7,20.1,0.2,0.5,0.6,0.027,-2.9,-2.5,-5.4,-1,"isaiahtaylor"
"335","Jeff Teague\teaguje01","MIN","PG",70,70,33,5.1,11.3,0.446,0.499,2.9,3.4,0.845,0.3,2.6,3,7,1.5,0.3,2.5,2.4,14.2,16.4,0.553,0.301,1.2,9.3,5.2,30.6,2.2,0.8,16.4,20.6,3.4,1.4,4.9,0.101,1.5,-1.3,0.2,1.3,"jeffteague"
"336","Garrett Temple\templga01","SAC","SG",65,35,24.8,3.1,7.3,0.418,0.512,0.9,1.2,0.769,0.3,2,2.3,1.9,0.9,0.4,1.2,2.1,8.4,10.2,0.536,0.164,1.5,9.6,5.4,11.3,1.8,1.6,13.4,16.4,0.3,0.9,1.2,0.035,-1.3,-0.6,-1.9,0.1,"garretttemple"
"337","Milos Teodosic\teodomi01","LAC","PG",45,36,25.2,3.4,8,0.419,0.542,0.9,1,0.848,0.4,2.4,2.8,4.6,0.5,0.1,2.2,2.3,9.5,11.6,0.564,0.128,1.6,10.5,6.1,26.2,1,0.4,20.3,18.2,0.9,0.5,1.4,0.058,0.8,-2.2,-1.4,0.2,"milosteodosic"
"338","Jason Terry\terryja01","MIL","SG",51,4,16,1.2,3,0.383,0.513,0.2,0.2,0.889,0.1,0.8,0.9,1.2,0.8,0.3,0.5,1,3.3,8.1,0.525,0.058,0.7,6.2,3.5,9.7,2.6,1.4,13.7,10.1,0.1,0.6,0.7,0.042,-1.6,-0.5,-2.1,0,"jasonterry"
"339","Daniel Theis\theisda01","BOS","C",63,3,14.9,2,3.7,0.541,0.579,1,1.3,0.753,1.4,2.9,4.3,0.9,0.5,0.8,0.9,2.5,5.3,16.1,0.616,0.348,10.7,21.2,16,9.1,1.6,4.3,17.2,15.5,1.6,1.9,3.5,0.178,-0.8,3.4,2.6,1.1,"danieltheis"
"340","Isaiah Thomas\thomais02","TOT","PG",32,15,26.9,4.9,13.2,0.373,0.438,3.7,4.1,0.893,0.5,1.6,2.1,4.8,0.5,0.1,3,1.8,15.2,12.6,0.508,0.311,2.2,6.3,4.2,27.1,0.8,0.3,16.6,28.8,-0.1,0.3,0.2,0.009,-0.9,-4.3,-5.2,-0.7,"isaiahthomas"
"341","Lance Thomas\thomala01","NYK","PF",73,31,18.5,1.4,3.7,0.382,0.476,0.6,0.7,0.83,0.6,1.8,2.4,0.6,0.4,0.2,0.5,1.8,4.1,6.3,0.513,0.199,3.6,10.7,7.2,4.2,1.1,0.9,12.1,10.7,0.3,0.6,0.9,0.031,-2.1,-0.5,-2.6,-0.2,"lancethomas"
"342","Klay Thompson\thompkl01","GSW","SG",73,73,34.3,7.9,16.1,0.488,0.585,1.1,1.3,0.837,0.4,3.4,3.8,2.5,0.8,0.5,1.8,1.6,20,16.1,0.598,0.083,1.5,10.3,6.2,11.2,1.1,1.1,9.5,23.7,3.2,1.8,4.9,0.094,1.8,-2.4,-0.6,0.9,"klaythompson"
"343","Tristan Thompson\thomptr01","CLE","C",53,22,20.2,2.5,4.4,0.562,0.562,0.8,1.5,0.544,2.4,4.3,6.6,0.6,0.3,0.3,0.7,1.9,5.8,13.6,0.569,0.336,13.4,23.3,18.4,4.3,0.7,1.3,11.8,12.6,1.8,0.7,2.5,0.113,-1.6,-0.9,-2.5,-0.1,"tristanthompson"
"344","Sindarius Thornwell\thornsi01","LAC","SG",73,17,15.8,1.4,3.2,0.429,0.479,0.8,1.2,0.67,0.5,1.5,1.9,0.9,0.7,0.3,0.7,1.7,3.9,8.2,0.519,0.378,3.2,10,6.7,7.8,2,1.8,16.3,12.1,0.1,0.9,1,0.041,-2.6,1,-1.6,0.1,"sindariusthornwell"
"345","Anthony Tolliver\tollian01","DET","PF",79,14,22.2,2.8,6,0.464,0.632,1.3,1.7,0.797,0.6,2.4,3.1,1.1,0.4,0.3,0.7,1.8,8.9,13.9,0.663,0.282,3.1,12.3,7.6,7.5,0.9,1.1,9.9,14.8,3.8,1.5,5.3,0.146,2.3,-0.8,1.5,1.5,"anthonytolliver"
"346","Karl-Anthony Towns\townska01","MIN","C",82,82,35.6,7.8,14.3,0.545,0.596,4.2,4.9,0.858,2.9,9.4,12.3,2.4,0.8,1.4,1.9,3.5,21.3,24.9,0.646,0.343,9.3,30.9,20,10.8,1.1,3.5,10.5,22.9,10.6,3.4,14,0.23,4.4,1.1,5.5,5.5,"karlanthonytowns"
"347","P.J. Tucker\tuckepj01","HOU","PF",82,34,27.8,2.1,5.4,0.39,0.52,0.5,0.7,0.717,1.1,4.4,5.6,0.9,1,0.3,0.9,2.5,6.1,8.3,0.537,0.136,4.6,17.8,11.3,4.6,1.7,1,13.7,10.5,1,3,3.9,0.082,-1.5,1.5,0,1.2,"p"
"348","Evan Turner\turneev01","POR","SF",79,40,25.7,3.3,7.3,0.447,0.484,1.2,1.4,0.85,0.4,2.7,3.1,2.2,0.6,0.4,1.3,2.1,8.2,9.9,0.52,0.185,1.6,11.4,6.5,12.4,1.1,1.2,13.7,15.6,0.5,2.1,2.6,0.061,-2.4,0.6,-1.8,0.1,"evanturner"
"349","Myles Turner\turnemy01","IND","C",65,62,28.2,4.7,9.8,0.479,0.523,2.5,3.2,0.777,1.4,5,6.4,1.3,0.6,1.8,1.5,2.9,12.7,16.6,0.567,0.322,5.8,19.8,12.8,7,1,5.7,11.6,20,2.2,2.5,4.7,0.122,-1.1,1.8,0.7,1.3,"mylesturner"
"350","Ekpe Udoh\udohek01","UTA","C",63,3,12.9,1,1.9,0.5,0.5,0.7,0.9,0.75,1.1,1.3,2.4,0.8,0.7,1.2,0.3,1.7,2.6,15.2,0.56,0.467,9.6,11.4,10.5,9.1,2.7,7.7,12.1,9.1,1.3,1.8,3.2,0.187,-1.1,6.8,5.7,1.6,"ekpeudoh"
"351","Tyler Ulis\ulisty01","PHO","PG",71,43,23.4,3,7.8,0.388,0.426,1.2,1.4,0.832,0.3,1.5,1.8,4.4,1,0.1,1.8,1.7,7.8,10.1,0.465,0.183,1.5,6.8,4.1,28,2,0.3,17.6,18.5,-0.7,0.5,-0.2,-0.006,-2.8,-2.4,-5.2,-1.3,"tylerulis"
"352","Jonas Valanciunas\valanjo01","TOR","C",77,77,22.4,5.1,8.9,0.568,0.59,2.2,2.7,0.806,2.4,6.2,8.6,1.1,0.4,0.9,1.5,2.5,12.7,22.5,0.628,0.307,12.1,30.3,21.4,7.5,0.8,3.2,12.9,22.7,4.6,3,7.6,0.21,0.7,0.8,1.5,1.5,"jonasvalanciunas"
"353","Denzel Valentine\valende01","CHI","SG",77,37,27.2,3.9,9.4,0.417,0.517,0.5,0.7,0.745,0.6,4.5,5.1,3.2,0.8,0.1,1.3,2.4,10.2,12.1,0.527,0.071,2.4,18.3,10.1,17.8,1.5,0.5,11.8,17.5,1,1.5,2.5,0.057,-0.4,-0.1,-0.5,0.8,"denzelvalentine"
"354","Fred VanVleet\vanvlfr01","TOR","PG",76,0,20,3.1,7.2,0.426,0.525,1.1,1.3,0.832,0.3,2.1,2.4,3.2,0.9,0.3,1,1.7,8.6,15.9,0.556,0.185,1.9,11.5,6.8,22.8,2.2,1,11.2,19.1,2.7,2,4.7,0.149,1.9,0.1,1.9,1.5,"fredvanvleet"
"355","Rashad Vaughn\vaughra01","TOT","SG",28,0,7.6,0.8,2,0.411,0.536,0.1,0.2,0.667,0.1,0.6,0.8,0.5,0.2,0.1,0.2,0.5,2.3,9.3,0.546,0.107,1.6,9.8,5.7,8.7,1.2,1.2,9.3,13.7,0.1,0.1,0.2,0.05,-1.9,-2.8,-4.7,-0.1,"rashadvaughn"
"356","Noah Vonleh\vonleno01","TOT","PF",54,16,16.2,1.9,4.3,0.444,0.487,0.7,1.1,0.621,1.3,4.5,5.8,0.6,0.4,0.3,0.6,1.3,4.9,12.8,0.509,0.248,8.5,30.2,19.2,5.7,1.1,1.6,10.7,14.5,0.5,1.2,1.6,0.09,-3.4,0.3,-3.1,-0.2,"noahvonleh"
"357","Nikola Vucevic\vucevni01","ORL","C",57,57,29.5,7,14.7,0.475,0.513,1.4,1.6,0.819,1.8,7.4,9.2,3.4,1,1.1,1.9,2.5,16.5,19.7,0.533,0.112,6.6,27.8,17.1,19.9,1.6,3,11,25.9,1.3,2.3,3.6,0.102,0.6,2.1,2.7,2,"nikolavucevic"
"358","Dwyane Wade\wadedw01","TOT","SG",67,3,22.9,4.5,10.2,0.438,0.462,2,2.8,0.714,0.7,3,3.8,3.4,0.9,0.7,2.1,1.9,11.4,15,0.5,0.277,3.7,14.6,9.2,23.5,2,2.6,15.5,26.2,-0.4,1.6,1.1,0.036,-2.4,0.3,-2.1,0,"dwyanewade"
"359","Dion Waiters\waitedi01","MIA","SG",30,30,30.6,5.4,13.7,0.398,0.461,1.7,2.3,0.739,0.3,2.3,2.6,3.8,0.8,0.3,2.3,2,14.3,10.5,0.487,0.168,1,8.5,4.7,19.8,1.3,0.8,13.7,25,-0.7,0.8,0.1,0.004,-2,-2,-4,-0.5,"dionwaiters"
"360","Kemba Walker\walkeke02","CHO","PG",80,80,34.2,7.4,17,0.431,0.516,4.5,5.3,0.864,0.4,2.7,3.1,5.6,1.1,0.3,2.2,1.2,22.1,20.6,0.572,0.308,1.2,8.7,4.9,27.4,1.6,0.7,10.4,27.4,6.5,2,8.5,0.15,5.1,-1.9,3.2,3.6,"kembawalker"
"361","John Wall\walljo01","WAS","PG",41,41,34.4,6.8,16.3,0.42,0.466,4.3,5.9,0.726,0.5,3.1,3.7,9.6,1.4,1.1,3.9,2,19.4,19.1,0.515,0.361,1.8,10.2,6,44.5,2,2.8,17,29.1,1.2,1.5,2.7,0.092,1.6,0,1.5,1.2,"johnwall"
"362","Tyrone Wallace\wallaty01","LAC","PG",30,19,28.4,3.7,8.2,0.445,0.466,2,2.6,0.782,0.7,2.8,3.5,2.4,0.9,0.4,1.5,2.8,9.7,10.1,0.517,0.316,2.7,10.7,6.8,11.8,1.5,1.3,14.1,16.6,0.2,0.5,0.7,0.042,-2.1,0.2,-2,0,"tyronewallace"
"363","Taurean Waller-Prince\princta02","ATL","SF",82,82,30,5.1,11.9,0.426,0.516,1.9,2.2,0.844,0.6,4.1,4.7,2.6,1,0.5,2.3,2,14.1,12.8,0.549,0.185,2.3,15.3,8.8,13.9,1.7,1.5,15.3,22.1,0,2,2,0.038,-0.7,0,-0.7,0.8,"taureanwallerprince"
"364","T.J. Warren\warretj01","PHO","SF",65,65,33,8.1,16.4,0.498,0.507,3,3.9,0.757,1.9,3.2,5.1,1.3,1,0.6,1.3,2.3,19.6,17.6,0.541,0.24,6.1,10.5,8.3,7.2,1.5,1.5,6.7,24.9,2.6,0.8,3.4,0.077,-0.1,-1.7,-1.9,0.1,"t"
"365","David West\westda01","GSW","C",73,0,13.7,3,5.2,0.571,0.575,0.8,1.1,0.759,0.9,2.4,3.3,1.9,0.6,1,1.1,1.6,6.8,20.9,0.6,0.209,7.7,18.2,13.3,20.5,2.3,5.9,16.2,21.7,1.8,1.7,3.5,0.168,-0.2,3.2,3,1.3,"davidwest"
"366","Russell Westbrook\westbru01","OKC","PG",80,80,36.4,9.5,21.1,0.449,0.477,5.2,7.1,0.737,1.9,8.2,10.1,10.3,1.8,0.3,4.8,2.5,25.4,24.7,0.524,0.336,5.6,25.7,15.3,49.8,2.5,0.6,16.4,34.1,5.5,4.5,10.1,0.166,5.1,3.1,8.2,7.5,"russellwestbrook"
"367","Hassan Whiteside\whiteha01","MIA","C",54,54,25.3,5.8,10.7,0.54,0.542,2.4,3.4,0.703,3.2,8.2,11.4,1,0.7,1.7,1.7,2.4,14,24.1,0.573,0.315,14.3,36.6,25.4,6.9,1.4,5.9,12.3,24.7,2.3,3,5.3,0.187,-2.1,2.3,0.2,0.8,"hassanwhiteside"
"368","Andrew Wiggins\wiggian01","MIN","SF",82,82,36.3,6.9,15.9,0.438,0.481,2.5,3.8,0.643,1,3.4,4.4,2,1.1,0.6,1.7,2,17.7,13,0.505,0.242,3.1,10.8,6.9,8.2,1.5,1.5,8.8,23.4,0.5,1.6,2.1,0.034,-1.1,-1.4,-2.5,-0.4,"andrewwiggins"
"369","C.J. Williams\willicj01","LAC","SG",38,17,18.6,2.3,5.2,0.442,0.497,0.3,0.4,0.813,0.3,1.2,1.5,1.1,0.8,0.3,0.5,1.7,5.5,9.5,0.512,0.081,1.9,6.7,4.4,8.5,2.1,1.5,8.9,13.7,0.3,0.5,0.7,0.051,-1.3,-0.1,-1.4,0.1,"c"
"370","Lou Williams\willilo02","LAC","SG",79,19,32.8,7.4,16.9,0.435,0.505,5.5,6.2,0.88,0.5,2,2.5,5.3,1.1,0.2,3,1.3,22.6,20.2,0.574,0.367,1.7,6.6,4.2,26.3,1.6,0.6,13.1,29.8,5.5,1.2,6.7,0.125,3.8,-2.9,1,2,"louwilliams"
"371","Marvin Williams\willima02","CHO","PF",78,78,25.7,3.3,7.2,0.458,0.57,1.3,1.6,0.829,0.9,3.8,4.7,1.2,0.7,0.5,0.8,1.5,9.5,13.9,0.603,0.218,3.9,16.2,10,7,1.4,1.6,9.7,14.8,3.1,1.9,5,0.119,1.1,0.5,1.7,1.9,"marvinwilliams"
"372","Justise Winslow\winslju01","MIA","PF",68,25,24.7,3,7.2,0.424,0.474,1,1.5,0.635,0.9,4.5,5.4,2.2,0.8,0.5,1.1,2.1,7.8,11.5,0.496,0.213,4.3,20.4,12.3,13,1.6,1.7,12.6,16.3,0.2,2.4,2.6,0.075,-2.7,1.7,-1,0.4,"justisewinslow"
"373","Brandan Wright\wrighbr03","TOT","PF",28,1,13.6,2.1,3.6,0.578,0.578,0.8,1.2,0.636,1.2,2.2,3.4,0.5,0.5,0.9,0.3,1.1,5,19,0.596,0.324,9.8,19.3,14.4,5.6,1.7,6.4,6.4,14.7,0.8,0.5,1.3,0.163,-1.3,2.2,0.9,0.3,"brandanwright"
"374","Delon Wright\wrighde01","TOR","PG",69,4,20.8,2.9,6.3,0.465,0.53,1.4,1.7,0.829,0.7,2.2,2.9,2.9,1,0.5,1.1,1.2,8,16.5,0.574,0.271,3.6,11.7,7.7,19.6,2.5,1.8,13.9,17.2,2.5,2.1,4.5,0.152,1.2,1.6,2.8,1.7,"delonwright"
"375","Guerschon Yabusele\yabusgu01","BOS","PF",33,4,7.1,0.8,1.8,0.426,0.525,0.5,0.7,0.682,0.5,1.1,1.6,0.5,0.1,0.2,0.4,0.7,2.4,12.3,0.559,0.361,8,16.1,12.1,10,0.9,1.8,14.5,15.7,0.3,0.3,0.6,0.122,-1,0.2,-0.7,0.1,"guerschonyabusele"
"376","Joe Young\youngjo01","IND","PG",53,1,10.5,1.5,3.5,0.43,0.497,0.4,0.5,0.759,0.2,1,1.2,0.7,0.3,0,0.5,0.7,3.9,10.1,0.521,0.156,2.4,10.3,6.4,9.9,1.3,0.2,11.6,18,0.1,0.4,0.5,0.043,-2.4,-2.3,-4.7,-0.4,"joeyoung"
"377","Nick Young\youngni01","GSW","SG",80,8,17.4,2.5,6.1,0.412,0.538,0.7,0.8,0.862,0.3,1.3,1.6,0.5,0.5,0.1,0.5,1.3,7.3,10,0.562,0.133,1.7,7.9,5,3.5,1.3,0.4,7.2,17.6,0.8,0.9,1.7,0.058,-0.2,-3.4,-3.7,-0.6,"nickyoung"
"378","Thaddeus Young\youngth01","IND","PF",81,81,32.2,5.2,10.7,0.487,0.521,0.7,1.1,0.598,2.3,4,6.3,1.9,1.7,0.4,1.3,2.2,11.8,14.8,0.528,0.106,8,14.1,11.1,8.5,2.6,1.2,10.4,17.3,2.3,3.2,5.5,0.101,0.1,1.4,1.5,2.3,"thaddeusyoung"
"379","Cody Zeller\zelleco01","CHO","C",33,0,19,2.6,4.7,0.545,0.551,1.8,2.6,0.718,2,3.3,5.4,0.9,0.4,0.6,1,2.5,7.1,15.9,0.602,0.545,11.4,19.3,15.3,7.4,1.1,2.8,14.6,15.7,1.2,0.7,1.9,0.145,-0.6,1.3,0.7,0.4,"codyzeller"
"380","Tyler Zeller\zellety01","TOT","C",66,34,16.8,2.8,5.1,0.56,0.575,0.9,1.2,0.722,1.7,3,4.6,0.7,0.2,0.5,0.7,1.9,6.7,16,0.598,0.237,11,19.4,15.2,6.7,0.7,2.5,11.3,16.4,2,0.9,2.9,0.126,-1.1,-0.5,-1.6,0.1,"tylerzeller"
"381","Paul Zipser\zipsepa01","CHI","SF",54,12,15.3,1.5,4.3,0.346,0.425,0.4,0.5,0.731,0.2,2.2,2.4,0.9,0.4,0.3,0.8,1.6,4,5.2,0.444,0.111,1.6,16,8.5,8,1.2,1.6,14.9,15.2,-1.2,0.6,-0.6,-0.034,-5.5,-0.3,-5.9,-0.8,"paulzipser"
"382","Ante Zizic\zizican01","CLE","C",32,2,6.7,1.5,2.1,0.731,0.731,0.7,0.9,0.724,0.8,1.1,1.9,0.2,0.1,0.4,0.3,0.9,3.7,24.2,0.746,0.433,12.8,18.6,15.7,3.8,0.5,5.2,12.1,18.8,0.9,0.2,1,0.231,1.3,-1.2,0.1,0.1,"antezizic"
"383","Ivica Zubac\zubaciv01","LAL","C",43,0,9.5,1.4,2.8,0.5,0.5,0.9,1.2,0.765,1,1.8,2.9,0.6,0.2,0.3,0.6,1.1,3.7,15.3,0.557,0.418,11.8,20.1,16,8.8,0.9,3,15.3,17.6,0.5,0.5,1,0.118,-2.7,0.5,-2.2,0,"ivicazubac"
